entry_time,exit_time,side,entry,exit,pnl,bars,reason
2021-01-06 10:00:00,2021-01-06 10:02:00,-1,1930.438,1933.438,-3.2,2,sl
2021-01-08 08:35:00,2021-01-08 08:38:00,-1,1881.308,1880.478,0.6299999999999273,3,trail
2021-01-08 12:26:00,2021-01-08 12:28:00,-1,1847.348,1845.348,1.8,2,trail
2021-01-11 10:51:00,2021-01-11 11:02:00,1,1849.865,1848.185,-1.8800000000000636,11,reverse
2021-01-27 14:00:00,2021-01-27 14:04:00,1,1848.325,1845.325,-3.2,4,sl
2021-01-29 06:27:00,2021-01-29 06:51:00,1,1858.595,1860.595,1.8,24,trail
2021-02-10 08:30:00,2021-02-10 08:50:00,1,1846.158,1852.805,6.447000000000162,20,reverse
2021-02-10 10:21:00,2021-02-10 10:25:00,-1,1839.915,1838.756,0.9589999999998782,4,trail
2021-02-16 08:21:00,2021-02-16 08:26:00,-1,1807.158,1805.485,1.4730000000000019,5,trail
2021-02-16 08:55:00,2021-02-16 09:07:00,-1,1798.147,1796.147,1.8,12,trail
2021-02-18 08:05:00,2021-02-18 08:09:00,1,1785.905,1787.905,1.8,4,trail
2021-02-22 21:30:00,2021-02-22 21:49:00,1,1813.535,1813.666,-0.06900000000014189,19,reverse
2021-02-24 06:23:00,2021-02-24 06:43:00,1,1809.005,1808.555,-0.6500000000000454,20,reverse
2021-02-24 09:50:00,2021-02-24 10:01:00,-1,1785.355,1786.935,-1.7799999999999272,11,reverse
2021-02-25 11:53:00,2021-02-25 11:57:00,1,1780.565,1781.431,0.6659999999999855,4,trail
2021-03-03 09:20:00,2021-03-03 09:21:00,-1,1708.632,1711.632,-3.2,1,sl
2021-03-04 12:11:00,2021-03-04 12:14:00,-1,1712.941,1712.021,0.7200000000000728,3,trail
2021-03-04 13:33:00,2021-03-04 13:38:00,-1,1697.345,1700.345,-3.2,5,sl
2021-03-07 18:00:00,2021-03-07 18:04:00,1,1705.048,1707.048,1.8,4,trail
2021-03-09 13:02:00,2021-03-09 13:08:00,1,1718.728,1717.245,-1.6830000000001746,6,reverse
2021-03-12 16:49:00,2021-03-12 16:57:00,1,1726.774,1727.658,0.6840000000000146,8,trail
2021-03-16 12:04:00,2021-03-16 12:15:00,1,1732.645,1730.835,-2.0099999999999456,11,reverse
2021-04-13 08:11:00,2021-04-13 08:23:00,1,1730.845,1732.555,1.5100000000000364,12,trail
2021-04-13 09:02:00,2021-04-13 09:16:00,1,1739.985,1741.285,1.100000000000182,14,trail
2021-04-26 08:11:00,2021-04-26 08:37:00,-1,1774.858,1770.965,3.693000000000029,26,reverse
2021-04-28 14:35:00,2021-04-28 14:38:00,1,1778.188,1780.188,1.8,3,trail
2021-05-03 09:01:00,2021-05-03 09:09:00,1,1787.458,1785.908,-1.7500000000001819,8,reverse
2021-05-04 09:44:00,2021-05-04 09:54:00,1,1792.205,1792.728,0.32300000000013823,10,trail
2021-05-07 10:23:00,2021-05-07 10:27:00,1,1841.538,1838.538,-3.2,4,sl
2021-06-04 08:30:00,2021-06-04 08:33:00,1,1878.998,1880.254,1.0559999999998582,3,trail
2021-06-14 00:01:00,2021-06-14 00:05:00,-1,1862.568,1861.594,0.7739999999999327,4,trail
2021-06-16 14:36:00,2021-06-16 14:37:00,-1,1836.788,1839.788,-3.2,1,sl
2021-07-06 00:00:00,2021-07-06 00:18:00,1,1799.225,1798.388,-1.036999999999989,18,reverse
2021-07-07 14:01:00,2021-07-07 14:05:00,1,1805.208,1806.528,1.1199999999999364,4,trail
2021-07-13 08:39:00,2021-07-13 08:42:00,1,1812.718,1814.718,1.8,3,trail
2021-07-14 08:02:00,2021-07-14 08:24:00,1,1819.548,1823.968,4.220000000000073,22,reverse
2021-07-26 03:24:00,2021-07-26 03:46:00,1,1809.458,1810.147,0.48899999999985083,22,reverse
2021-08-03 09:39:00,2021-08-03 09:52:00,1,1812.678,1813.408,0.5299999999997909,13,trail
2021-08-04 08:15:00,2021-08-04 08:19:00,1,1822.898,1823.698,0.6000000000001819,4,trail
2021-08-27 08:34:00,2021-08-27 08:58:00,1,1797.425,1799.085,1.460000000000082,24,trail
2021-09-03 08:30:00,2021-09-03 08:34:00,1,1822.498,1824.498,1.8,4,trail
2021-09-03 08:46:00,2021-09-03 08:51:00,1,1824.414,1821.414,-3.2,5,sl
2021-09-27 08:21:00,2021-09-27 08:30:00,1,1751.592,1748.592,-3.2,9,sl
2021-09-30 09:50:00,2021-09-30 10:02:00,1,1741.048,1743.048,1.8,12,trail
2021-10-04 08:34:00,2021-10-04 08:51:00,1,1754.425,1756.425,1.8,17,trail
2021-10-08 08:30:00,2021-10-08 08:31:00,1,1767.725,1769.568,1.6430000000000746,1,trail
2021-10-27 08:10:00,2021-10-27 08:22:00,1,1792.544,1794.494,1.7499999999998181,12,trail
2021-11-03 09:00:00,2021-11-03 09:14:00,-1,1764.578,1763.338,1.0400000000000091,14,trail
2021-11-10 08:33:00,2021-11-10 08:34:00,1,1837.122,1838.108,0.7859999999998764,1,trail
2021-11-10 13:02:00,2021-11-10 13:07:00,-1,1846.248,1845.444,0.6040000000000874,5,trail
2021-11-12 10:19:00,2021-11-12 10:27:00,1,1863.508,1864.378,0.6699999999998909,8,trail
2021-12-02 07:37:00,2021-12-02 07:56:00,1,1779.848,1779.558,-0.48999999999996363,19,reverse
2021-12-03 08:46:00,2021-12-03 08:53:00,-1,1769.208,1767.811,1.197000000000162,7,trail
2021-12-15 14:00:00,2021-12-15 14:01:00,-1,1757.478,1755.478,1.8,1,trail
2022-01-25 08:21:00,2022-01-25 08:36:00,1,1841.209,1840.658,-0.7510000000001582,15,reverse
2022-01-26 14:03:00,2022-01-26 14:04:00,-1,1827.158,1826.398,0.559999999999991,1,trail
2022-02-10 12:45:00,2022-02-10 12:49:00,-1,1834.948,1834.438,0.3099999999999909,4,trail
2022-02-20 18:00:00,2022-02-20 18:05:00,1,1900.598,1902.598,1.8,5,trail
2022-02-24 10:13:00,2022-02-24 10:32:00,-1,1934.208,1924.507,9.501000000000023,19,reverse
2022-02-24 11:11:00,2022-02-24 11:24:00,-1,1924.908,1922.908,1.8,13,trail
2022-03-01 04:40:00,2022-03-01 04:48:00,1,1917.698,1915.578,-2.3200000000001184,8,reverse
2022-03-02 10:28:00,2022-03-02 10:30:00,1,1933.867,1930.867,-3.2,2,sl
2022-03-06 18:53:00,2022-03-06 19:02:00,1,1989.748,1987.488,-2.459999999999991,9,reverse
2022-03-07 10:36:00,2022-03-07 10:38:00,1,1986.248,1988.248,1.8,2,trail
2022-03-08 02:34:00,2022-03-08 02:42:00,1,2018.788,2019.328,0.3399999999999636,8,trail
2022-03-08 09:28:00,2022-03-08 09:38:00,1,2017.508,2019.002,1.2939999999999146,10,trail
2022-03-08 10:18:00,2022-03-08 10:19:00,1,2048.688,2049.878,0.9900000000000546,1,trail
2022-03-08 11:55:00,2022-03-08 11:58:00,1,2065.768,2067.768,1.8,3,trail
2022-03-09 11:09:00,2022-03-09 11:18:00,1,1997.858,1999.858,1.8,9,trail
2022-03-09 13:38:00,2022-03-09 13:43:00,-1,1982.012,1985.012,-3.2,5,sl
2022-03-10 05:56:00,2022-03-10 06:03:00,1,1998.308,2000.308,1.8,7,trail
2022-03-11 05:54:00,2022-03-11 05:59:00,1,1993.838,1991.428,-2.6099999999998547,5,reverse
2022-03-11 06:23:00,2022-03-11 06:27:00,-1,1985.228,1983.228,1.8,4,trail
2022-03-11 11:42:00,2022-03-11 11:43:00,1,1986.412,1987.408,0.7959999999998673,1,trail
2022-03-15 10:54:00,2022-03-15 11:01:00,1,1921.463,1923.463,1.8,7,trail
2022-03-15 11:41:00,2022-03-15 11:53:00,1,1927.798,1929.403,1.4050000000000182,12,trail
2022-03-17 08:35:00,2022-03-17 08:43:00,1,1944.694,1941.694,-3.2,8,sl
2022-03-21 13:57:00,2022-03-21 13:58:00,1,1938.759,1939.668,0.7089999999998782,1,trail
2022-03-30 08:12:00,2022-03-30 08:20:00,1,1925.883,1927.883,1.8,8,trail
2022-04-07 07:08:00,2022-04-07 07:10:00,-1,1924.342,1927.052,-2.909999999999809,2,reverse
2022-05-05 10:24:00,2022-05-05 10:35:00,-1,1888.902,1886.902,1.8,11,trail
2022-05-09 08:05:00,2022-05-09 08:09:00,1,1862.613,1863.203,0.38999999999991813,4,trail
2022-05-11 03:10:00,2022-05-11 03:13:00,1,1847.118,1848.328,1.0100000000000364,3,trail
2022-05-11 08:30:00,2022-05-11 08:32:00,-1,1844.848,1844.338,0.3099999999999909,2,trail
2022-05-18 09:42:00,2022-05-18 09:48:00,1,1814.968,1813.166,-2.002000000000135,6,reverse
2022-06-10 09:03:00,2022-06-10 09:08:00,1,1843.438,1840.438,-3.2,5,sl
2022-06-10 09:39:00,2022-06-10 09:55:00,-1,1830.254,1831.804,-1.7500000000001819,16,reverse
2022-06-13 18:02:00,2022-06-13 18:03:00,-1,1812.338,1810.653,1.4849999999999455,1,trail
2022-06-15 14:37:00,2022-06-15 14:53:00,1,1825.858,1829.198,3.1400000000001453,16,reverse
2022-06-16 08:30:00,2022-06-16 08:48:00,1,1825.536,1829.258,3.52199999999998,18,reverse
2022-06-23 09:45:00,2022-06-23 09:48:00,1,1840.363,1841.283,0.7199999999998454,3,trail
2022-06-26 18:00:00,2022-06-26 18:01:00,1,1835.808,1837.808,1.8,1,trail
2022-07-21 10:31:00,2022-07-21 10:49:00,1,1706.484,1708.168,1.4839999999999691,18,trail
2022-07-22 10:11:00,2022-07-22 10:16:00,1,1737.944,1736.138,-2.00600000000004,5,reverse
2022-07-25 05:56:00,2022-07-25 05:58:00,1,1733.528,1734.506,0.7780000000000655,2,trail
2022-09-22 08:26:00,2022-09-22 08:32:00,1,1674.915,1673.378,-1.7370000000000345,6,reverse
2022-09-26 09:33:00,2022-09-26 09:37:00,1,1647.465,1644.745,-2.9200000000000275,4,reverse
2022-09-26 21:32:00,2022-09-26 21:41:00,1,1632.548,1630.945,-1.8030000000000654,9,reverse
2022-09-28 09:15:00,2022-09-28 09:39:00,1,1638.248,1643.4,4.9520000000000435,24,reverse
2022-09-28 09:44:00,2022-09-28 10:14:00,1,1646.063,1650.898,4.634999999999809,30,reverse
2022-09-29 05:28:00,2022-09-29 05:47:00,1,1649.066,1649.605,0.33899999999998726,19,trail
2022-10-03 10:00:00,2022-10-03 10:42:00,1,1673.448,1686.735,13.086999999999808,42,reverse
2022-10-12 09:37:00,2022-10-12 09:52:00,1,1671.311,1670.955,-0.5559999999999945,15,reverse
2022-10-13 09:05:00,2022-10-13 09:08:00,-1,1649.145,1652.145,-3.2,3,sl
2022-10-19 09:34:00,2022-10-19 09:42:00,1,1636.358,1634.888,-1.6700000000000272,8,reverse
2022-10-20 00:18:00,2022-10-20 00:20:00,1,1628.118,1629.898,1.5799999999999728,2,trail
2022-11-09 09:40:00,2022-11-09 09:46:00,1,1712.928,1714.708,1.5799999999999728,6,trail
2022-11-10 09:43:00,2022-11-10 09:46:00,1,1741.248,1742.398,0.9499999999998636,3,trail
2022-11-16 08:30:00,2022-11-16 08:32:00,-1,1775.948,1778.948,-3.2,2,sl
2022-11-23 14:02:00,2022-11-23 14:04:00,1,1748.525,1750.525,1.8,2,trail
2022-11-28 09:40:00,2022-11-28 09:45:00,-1,1745.598,1748.598,-3.2,5,sl
2022-12-13 08:29:00,2022-12-13 08:30:00,1,1790.278,1792.278,1.8,1,trail
2022-12-13 08:57:00,2022-12-13 09:33:00,1,1809.515,1817.588,7.872999999999865,36,reverse
2022-12-14 14:34:00,2022-12-14 14:36:00,-1,1796.355,1799.355,-3.2,2,sl
2023-01-02 18:00:00,2023-01-02 18:07:00,1,1826.637,1828.458,1.62100000000014,5,trail
2023-01-06 10:33:00,2023-01-06 10:56:00,1,1861.705,1861.575,-0.3299999999998818,23,reverse
2023-01-18 08:30:00,2023-01-18 08:33:00,1,1923.327,1920.327,-3.2,3,sl
2023-01-27 08:32:00,2023-01-27 08:45:00,1,1934.325,1932.375,-2.1500000000000457,13,reverse
2023-02-01 19:00:00,2023-02-01 19:11:00,1,1954.855,1953.758,-1.29699999999998,11,reverse
2023-02-07 16:49:00,2023-02-07 16:51:00,1,1873.848,1875.848,1.8,2,trail
2023-02-27 09:00:00,2023-02-27 09:31:00,1,1816.245,1815.775,-0.6699999999997999,31,reverse
2023-02-28 12:00:00,2023-02-28 12:36:00,1,1826.618,1828.975,2.1569999999999707,36,reverse
2023-03-01 08:00:00,2023-03-01 08:08:00,1,1841.218,1838.218,-3.2,8,sl
2023-03-03 07:00:00,2023-03-03 07:11:00,1,1847.865,1846.945,-1.1200000000000727,11,reverse
2023-03-06 14:00:00,2023-03-06 14:23:00,-1,1846.645,1846.315,0.12999999999992723,23,reverse
2023-03-13 08:00:00,2023-03-13 08:01:00,1,1897.045,1898.065,0.8199999999999819,1,trail
2023-03-13 10:01:00,2023-03-13 10:33:00,1,1908.565,1910.565,1.8,32,trail
2023-03-14 08:00:00,2023-03-14 08:03:00,1,1909.895,1906.895,-3.2,3,sl
2023-03-15 07:31:00,2023-03-15 07:32:00,1,1924.558,1921.558,-3.2,1,sl
2023-03-17 12:00:00,2023-03-17 12:10:00,1,1962.388,1964.368,1.7800000000000182,10,trail
2023-03-20 08:00:00,2023-03-20 08:07:00,-1,1975.555,1978.555,-3.2,7,sl
2023-03-20 14:00:00,2023-03-20 14:08:00,1,1983.905,1980.905,-3.2,8,sl
2023-03-21 09:00:00,2023-03-21 09:03:00,-1,1951.114,1954.114,-3.2,3,sl
2023-03-21 11:00:00,2023-03-21 11:16:00,-1,1947.975,1947.175,0.5999999999999546,16,trail
2023-03-21 14:00:00,2023-03-21 14:17:00,-1,1936.765,1938.815,-2.2499999999999547,17,reverse
2023-03-22 13:36:00,2023-03-22 13:55:00,1,1961.255,1970.574,9.11899999999996,19,reverse
2023-03-22 15:03:00,2023-03-22 15:09:00,1,1974.288,1972.368,-2.120000000000073,6,reverse
2023-03-29 11:00:00,2023-03-29 11:07:00,1,1969.148,1966.148,-3.2,7,sl
2023-03-31 15:00:00,2023-03-31 15:23:00,-1,1969.885,1970.145,-0.4599999999999909,23,reverse
2023-04-06 09:00:00,2023-04-06 09:05:00,-1,2012.085,2010.798,1.0870000000000346,5,trail
2023-04-10 09:42:00,2023-04-10 09:44:00,-1,1990.095,1988.095,1.8,2,trail
2023-04-19 13:00:00,2023-04-19 13:14:00,1,1996.155,1994.365,-1.9899999999999636,14,reverse
2023-04-24 19:00:00,2023-04-24 19:16:00,1,1992.298,1991.625,-0.8730000000000018,16,reverse
2023-04-25 20:00:00,2023-04-25 20:29:00,1,2000.385,2001.485,0.8999999999999091,29,reverse
2023-05-02 12:00:00,2023-05-02 12:05:00,1,2014.474,2016.098,1.4240000000000237,5,trail
2023-05-03 14:00:00,2023-05-03 14:01:00,1,2028.898,2030.348,1.2500000000000455,1,trail
2023-05-03 18:20:00,2023-05-03 18:23:00,1,2052.464,2054.464,1.8,3,trail
2023-05-08 15:00:00,2023-05-08 15:16:00,-1,2021.255,2022.024,-0.968999999999778,16,reverse
2023-05-09 19:00:00,2023-05-09 19:37:00,1,2036.754,2036.675,-0.2789999999999509,37,reverse
2023-05-19 13:00:00,2023-05-19 13:15:00,1,1978.365,1977.315,-1.2499999999999545,15,reverse
2023-05-23 10:00:00,2023-05-23 10:06:00,1,1969.024,1970.258,1.034000000000151,6,trail
2023-06-07 20:00:00,2023-06-07 20:43:00,1,1944.635,1945.478,0.6430000000000746,43,reverse
2023-06-20 09:00:00,2023-06-20 11:00:00,-1,1944.255,1934.635,9.420000000000119,60,reverse
2023-06-30 12:00:00,2023-06-30 12:14:00,1,1918.875,1918.778,-0.29699999999998,14,reverse
2023-07-05 11:00:00,2023-07-05 11:10:00,-1,1922.355,1923.648,-1.4929999999998926,10,reverse
2023-07-05 15:00:00,2023-07-05 15:14:00,-1,1915.885,1916.535,-0.8500000000000909,14,reverse
2023-08-03 10:25:00,2023-08-03 10:40:00,1,1936.785,1936.598,-0.3870000000001255,15,reverse
2023-08-30 08:15:00,2023-08-30 08:21:00,1,1941.895,1939.775,-2.319999999999891,6,reverse
2023-09-01 10:00:00,2023-09-01 10:04:00,-1,1938.675,1941.675,-3.2,4,sl
2023-09-15 10:00:00,2023-09-15 10:10:00,1,1926.705,1928.065,1.1600000000001274,10,trail
2023-09-25 07:00:00,2023-09-25 07:21:00,1,1924.605,1924.385,-0.4200000000000273,21,reverse
2023-10-02 08:20:00,2023-10-02 08:22:00,1,1839.145,1836.145,-3.2,2,sl
2023-10-19 19:31:00,2023-10-19 19:32:00,1,1980.925,1977.925,-3.2,1,sl
2023-10-20 13:17:00,2023-10-20 13:20:00,-1,1979.348,1977.348,1.8,3,trail
2023-10-25 11:03:00,2023-10-25 11:05:00,-1,1966.425,1964.425,1.8,2,trail
2023-11-14 08:30:00,2023-11-14 08:33:00,1,1956.005,1957.525,1.3199999999999819,3,trail
2023-11-15 08:32:00,2023-11-15 08:50:00,-1,1969.085,1966.285,2.5999999999999543,18,reverse
2023-11-19 18:00:00,2023-11-19 18:13:00,-1,1977.744,1978.385,-0.8410000000000764,13,reverse
2023-12-03 18:48:00,2023-12-03 18:52:00,1,2128.765,2130.765,1.8,4,trail
2023-12-13 14:36:00,2023-12-13 14:38:00,1,2010.225,2010.945,0.5200000000000273,2,trail
2023-12-15 08:33:00,2023-12-15 08:35:00,-1,2038.395,2037.205,0.9900000000000546,2,trail
2024-02-16 08:30:00,2024-02-16 08:43:00,-1,2000.765,1998.765,1.8,13,trail
2024-03-06 11:55:00,2024-03-06 12:07:00,1,2148.145,2146.645,-1.7,12,reverse
2024-03-12 09:03:00,2024-03-12 09:06:00,-1,2157.818,2156.778,0.8400000000004184,3,trail
2024-03-20 13:00:00,2024-03-20 13:01:00,1,2161.995,2163.834,1.6389999999999418,1,trail
2024-03-20 13:38:00,2024-03-20 13:41:00,1,2170.665,2171.825,0.9599999999998545,3,trail
2024-03-20 17:50:00,2024-03-20 17:51:00,1,2204.375,2201.375,-3.2,1,sl
2024-04-01 10:00:00,2024-04-01 10:03:00,-1,2239.715,2238.778,0.7370000000003529,3,trail
2024-04-02 18:16:00,2024-04-02 18:22:00,1,2283.535,2285.448,1.713000000000011,6,trail
2024-04-03 10:00:00,2024-04-03 10:01:00,1,2279.605,2280.895,1.0899999999999637,1,trail
2024-04-03 11:08:00,2024-04-03 11:11:00,1,2284.945,2281.945,-3.2,3,sl
2024-04-04 14:44:00,2024-04-04 14:57:00,1,2301.725,2303.725,1.8,13,trail
2024-04-08 08:21:00,2024-04-08 08:37:00,-1,2331.955,2329.585,2.1699999999998907,16,reverse
2024-04-10 09:30:00,2024-04-10 09:32:00,-1,2323.385,2321.385,1.8,2,trail
2024-04-10 10:35:00,2024-04-10 10:36:00,1,2349.855,2346.855,-3.2,1,sl
2024-04-11 21:31:00,2024-04-11 21:42:00,1,2386.875,2387.825,0.7499999999998181,11,trail
2024-04-12 12:04:00,2024-04-12 12:52:00,-1,2389.365,2369.458,19.7069999999997,48,reverse
2024-04-14 18:00:00,2024-04-14 18:01:00,1,2362.535,2364.535,1.8,1,trail
2024-04-14 21:13:00,2024-04-14 21:14:00,-1,2348.795,2351.795,-3.2,1,sl
2024-04-15 09:00:00,2024-04-15 09:01:00,1,2360.915,2357.915,-3.2,1,sl
2024-04-16 10:21:00,2024-04-16 10:24:00,-1,2365.815,2364.965,0.6499999999999091,3,trail
2024-04-26 10:10:00,2024-04-26 10:15:00,-1,2338.945,2341.945,-3.2,5,sl
2024-04-28 21:00:00,2024-04-28 21:01:00,-1,2327.905,2325.905,1.8,1,trail
2024-06-12 14:00:00,2024-06-12 14:01:00,-1,2330.095,2328.095,1.8,1,trail
2024-06-12 14:35:00,2024-06-12 14:57:00,-1,2327.315,2324.115,3.0000000000002727,22,reverse
2024-06-18 08:30:00,2024-06-18 08:48:00,1,2318.145,2320.145,1.8,18,trail
2024-06-23 18:00:00,2024-06-23 18:01:00,-1,2318.385,2321.385,-3.2,1,sl
2024-07-03 10:00:00,2024-07-03 10:02:00,1,2360.105,2360.815,0.5100000000000364,2,trail
2024-07-05 08:44:00,2024-07-05 08:49:00,1,2372.825,2369.825,-3.2,5,sl
2024-07-15 12:41:00,2024-07-15 12:43:00,1,2437.185,2438.128,0.743000000000211,2,trail
2024-07-25 11:10:00,2024-07-25 11:20:00,1,2368.305,2365.305,-3.2,10,sl
2024-08-01 08:30:00,2024-08-01 08:40:00,1,2448.625,2450.625,1.8,10,trail
2024-08-05 08:14:00,2024-08-05 08:18:00,-1,2386.458,2385.625,0.6330000000000837,4,trail
2024-08-05 09:37:00,2024-08-05 09:39:00,1,2390.595,2392.595,1.8,2,trail
2024-08-06 09:05:00,2024-08-06 09:10:00,-1,2390.628,2393.628,-3.2,5,sl
2024-08-16 08:47:00,2024-08-16 09:13:00,1,2477.215,2486.265,8.849999999999728,26,reverse
2024-08-21 10:00:00,2024-08-21 10:01:00,-1,2496.755,2495.198,1.3570000000002438,1,trail
2024-09-26 09:02:00,2024-09-26 09:06:00,-1,2673.598,2671.775,1.6229999999998654,4,trail
2024-09-30 10:01:00,2024-09-30 10:04:00,-1,2632.165,2630.818,1.1469999999997527,3,trail
2024-10-10 09:04:00,2024-10-10 09:06:00,1,2626.758,2623.758,-3.2,2,sl
2024-10-17 08:30:00,2024-10-17 08:32:00,-1,2675.348,2674.414,0.7339999999997417,2,trail
2024-11-06 01:57:00,2024-11-06 02:01:00,-1,2706.945,2705.475,1.2700000000002547,4,trail
2024-11-25 00:31:00,2024-11-25 00:33:00,-1,2668.018,2666.018,1.8,2,trail
2024-12-02 06:34:00,2024-12-02 06:36:00,1,2643.425,2644.545,0.9199999999998909,2,trail
2024-12-06 08:31:00,2024-12-06 08:32:00,-1,2632.364,2635.364,-3.2,1,sl
2024-12-18 14:00:00,2024-12-18 14:01:00,-1,2632.448,2630.448,1.8,1,trail
2024-12-18 14:30:00,2024-12-18 14:31:00,-1,2617.665,2620.665,-3.2,1,sl
2025-01-29 14:51:00,2025-01-29 14:56:00,1,2756.385,2753.385,-3.2,5,sl
2025-02-20 10:24:00,2025-02-20 10:31:00,1,2937.848,2934.848,-3.2,7,sl
2025-03-10 07:28:00,2025-03-10 07:47:00,1,2906.308,2903.958,-2.5499999999999092,19,reverse
2025-04-02 20:44:00,2025-04-02 20:48:00,-1,3146.455,3149.455,-3.2,4,sl
2025-04-03 10:01:00,2025-04-03 10:42:00,1,3093.348,3119.095,25.546999999999844,41,reverse
2025-04-04 08:24:00,2025-04-04 08:27:00,-1,3093.098,3092.458,0.43999999999987266,3,trail
2025-04-04 08:32:00,2025-04-04 08:33:00,-1,3092.715,3091.765,0.7500000000002729,1,trail
2025-04-04 10:29:00,2025-04-04 10:34:00,-1,3047.398,3050.398,-3.2,5,sl
2025-04-06 18:51:00,2025-04-06 18:52:00,-1,3004.995,3003.505,1.2899999999997818,1,trail
2025-04-06 19:12:00,2025-04-06 19:14:00,-1,3007.465,3005.465,1.8,2,trail
2025-04-07 10:52:00,2025-04-07 10:53:00,-1,2997.235,3000.235,-3.2,1,sl
2025-04-07 12:03:00,2025-04-07 12:12:00,-1,2980.335,2978.335,1.8,9,trail
2025-04-07 13:28:00,2025-04-07 13:34:00,-1,2963.505,2961.505,1.8,6,trail
2025-04-07 18:02:00,2025-04-07 18:03:00,1,2986.125,2983.125,-3.2,1,sl
2025-04-08 05:01:00,2025-04-08 05:04:00,-1,3003.155,3006.155,-3.2,3,sl
2025-04-09 00:08:00,2025-04-09 00:21:00,1,3007.495,3009.255,1.5600000000002183,13,trail
2025-04-09 15:41:00,2025-04-09 15:45:00,1,3095.605,3097.355,1.55,4,trail
2025-04-09 23:31:00,2025-04-09 23:33:00,1,3128.075,3129.019,0.74399999999996,2,trail
2025-04-10 21:02:00,2025-04-10 21:03:00,1,3211.415,3208.415,-3.2,1,sl
2025-04-11 10:37:00,2025-04-11 10:39:00,-1,3225.335,3223.919,1.2160000000001674,2,trail
2025-04-14 04:02:00,2025-04-14 04:04:00,-1,3223.655,3222.805,0.6500000000003638,2,trail
2025-04-14 09:09:00,2025-04-14 09:11:00,-1,3202.175,3200.175,1.8,2,trail
2025-04-14 09:32:00,2025-04-14 09:34:00,-1,3195.785,3198.785,-3.2,2,sl
2025-04-15 19:56:00,2025-04-15 20:56:00,1,3247.205,3264.065,16.660000000000128,60,reverse
2025-04-20 18:00:00,2025-04-20 18:01:00,1,3331.305,3328.305,-3.2,1,sl
2025-04-22 01:31:00,2025-04-22 01:33:00,-1,3473.975,3476.975,-3.2,2,sl
2025-04-22 02:50:00,2025-04-22 02:52:00,-1,3478.895,3478.185,0.5100000000000364,2,trail
2025-04-22 08:15:00,2025-04-22 08:18:00,1,3459.515,3460.855,1.1400000000001456,3,trail
2025-04-22 21:12:00,2025-04-22 21:14:00,1,3371.665,3373.065,1.200000000000091,2,trail
2025-04-22 23:50:00,2025-04-22 23:51:00,-1,3335.565,3338.565,-3.2,1,sl
2025-04-23 09:37:00,2025-04-23 09:45:00,-1,3295.865,3293.865,1.8,8,trail
2025-04-23 11:34:00,2025-04-23 11:35:00,-1,3271.425,3270.255,0.9700000000000728,1,trail
2025-04-23 14:22:00,2025-04-23 14:25:00,-1,3281.015,3280.495,0.3199999999999818,3,trail
2025-04-24 06:57:00,2025-04-24 06:59:00,-1,3326.405,3329.405,-3.2,2,sl
2025-04-25 02:07:00,2025-04-25 02:09:00,-1,3290.525,3289.255,1.0699999999999819,2,trail
2025-04-27 18:12:00,2025-04-27 18:14:00,1,3326.595,3328.365,1.5699999999999819,2,trail
2025-04-28 18:06:00,2025-04-28 18:08:00,-1,3341.035,3339.035,1.8,2,trail
2025-04-30 18:38:00,2025-04-30 18:40:00,-1,3272.515,3275.515,-3.2,2,sl
2025-04-30 20:53:00,2025-04-30 20:55:00,-1,3244.035,3242.395,1.4399999999998727,2,trail
2025-05-02 10:02:00,2025-05-02 10:08:00,-1,3243.775,3246.775,-3.2,6,sl
2025-05-06 21:06:00,2025-05-06 21:07:00,-1,3370.175,3373.175,-3.2,1,sl
2025-05-07 15:42:00,2025-05-07 15:44:00,-1,3368.475,3371.475,-3.2,2,sl
2025-05-08 09:30:00,2025-05-08 09:39:00,1,3362.785,3364.785,1.8,9,trail
2025-05-08 13:28:00,2025-05-08 13:32:00,-1,3299.895,3298.875,0.8199999999999819,4,trail
2025-05-09 07:26:00,2025-05-09 07:28:00,1,3333.855,3335.855,1.8,2,trail
2025-05-11 23:20:00,2025-05-11 23:23:00,1,3278.335,3279.365,0.8299999999997454,3,trail
2025-05-13 04:55:00,2025-05-13 04:58:00,-1,3250.525,3253.525,-3.2,3,sl
2025-05-13 22:37:00,2025-05-13 22:38:00,-1,3231.855,3230.265,1.3900000000001456,1,trail
2025-05-15 08:52:00,2025-05-15 08:55:00,1,3186.545,3187.935,1.1899999999998727,3,trail
2025-05-16 03:15:00,2025-05-16 03:20:00,-1,3210.805,3208.805,1.8,5,trail
2025-05-20 10:40:00,2025-05-20 10:42:00,1,3284.965,3281.965,-3.2,2,sl
2025-05-28 21:33:00,2025-05-28 21:36:00,-1,3249.585,3252.585,-3.2,3,sl
2025-05-30 11:03:00,2025-05-30 11:04:00,-1,3275.805,3278.805,-3.2,1,sl
2025-06-05 10:41:00,2025-06-05 10:43:00,-1,3373.195,3371.195,1.8,2,trail
2025-06-06 09:31:00,2025-06-06 09:32:00,-1,3347.848,3350.848,-3.2,1,sl
2025-06-12 20:28:00,2025-06-12 20:31:00,1,3412.198,3413.948,1.55,3,trail
2025-06-13 06:35:00,2025-06-13 06:52:00,-1,3414.935,3413.098,1.6369999999999891,17,trail
2025-06-13 11:30:00,2025-06-13 11:37:00,-1,3423.155,3422.228,0.7270000000001346,7,trail
2025-06-16 01:34:00,2025-06-16 01:45:00,-1,3423.048,3421.048,1.8,11,trail
2025-06-17 18:00:00,2025-06-17 18:05:00,1,3392.348,3394.348,1.8,5,trail
2025-06-22 18:00:00,2025-06-22 18:01:00,1,3391.365,3393.365,1.8,1,trail
2025-06-29 18:00:00,2025-06-29 18:01:00,1,3281.098,3278.098,-3.2,1,sl
2025-06-29 21:04:00,2025-06-29 21:08:00,-1,3260.748,3263.748,-3.2,4,sl
2025-07-06 21:01:00,2025-07-06 21:03:00,-1,3321.048,3324.048,-3.2,2,sl
2025-07-11 08:30:00,2025-07-11 08:36:00,1,3350.198,3351.108,0.7100000000003093,6,trail
2025-07-16 10:30:00,2025-07-16 10:34:00,-1,3322.775,3320.999,1.5760000000002947,4,trail
2025-08-01 08:30:00,2025-08-01 08:55:00,1,3312.345,3337.465,24.920000000000346,25,reverse
2025-09-02 09:56:00,2025-09-02 09:59:00,1,3491.389,3488.389,-3.2,3,sl
2025-09-03 22:37:00,2025-09-03 22:41:00,-1,3540.765,3538.765,1.8,4,trail
2025-09-04 03:06:00,2025-09-04 03:10:00,1,3539.135,3536.135,-3.2,4,sl
2025-09-11 01:32:00,2025-09-11 01:34:00,-1,3625.465,3628.465,-3.2,2,sl
2025-09-17 15:12:00,2025-09-17 15:14:00,-1,3651.495,3649.495,1.8,2,trail
2025-09-19 02:33:00,2025-09-19 02:36:00,-1,3645.705,3644.785,0.7200000000000728,3,trail
2025-09-24 10:08:00,2025-09-24 10:10:00,-1,3755.965,3758.965,-3.2,2,sl
2025-10-07 12:13:00,2025-10-07 12:15:00,-1,3966.775,3964.775,1.8,2,trail
2025-10-09 21:59:00,2025-10-09 22:00:00,-1,3972.855,3975.855,-3.2,1,sl
2025-10-10 01:44:00,2025-10-10 01:47:00,1,3974.345,3974.848,0.3030000000001564,3,trail
2025-10-16 19:40:00,2025-10-16 19:54:00,1,4366.075,4368.075,1.8,14,trail
2025-10-17 03:51:00,2025-10-17 03:56:00,-1,4338.275,4336.275,1.8,5,trail
2025-10-17 11:12:00,2025-10-17 11:14:00,-1,4244.945,4244.335,0.40999999999967257,2,trail
2025-10-17 12:18:00,2025-10-17 12:19:00,-1,4229.775,4228.035,1.5399999999997818,1,trail
2025-10-17 12:24:00,2025-10-17 12:49:00,-1,4228.795,4215.805,12.789999999999782,25,reverse
2025-10-17 14:02:00,2025-10-17 14:34:00,1,4228.148,4238.835,10.486999999999899,32,reverse
2025-10-19 21:11:00,2025-10-19 21:13:00,1,4248.095,4250.095,1.8,2,trail
2025-10-20 02:20:00,2025-10-20 02:22:00,-1,4235.569,4233.829,1.5400000000006913,2,trail
2025-10-20 03:42:00,2025-10-20 03:48:00,1,4258.785,4255.785,-3.2,6,sl
2025-10-21 08:31:00,2025-10-21 08:34:00,-1,4220.995,4218.995,1.8,3,trail
2025-10-21 15:40:00,2025-10-21 15:41:00,-1,4101.395,4104.395,-3.2,1,sl
2025-10-21 20:31:00,2025-10-21 20:32:00,-1,4042.505,4045.505,-3.2,1,sl
2025-10-21 21:32:00,2025-10-21 21:33:00,1,4109.785,4106.785,-3.2,1,sl
2025-10-22 05:11:00,2025-10-22 05:13:00,-1,4081.885,4079.885,1.8,2,trail
2025-10-22 05:39:00,2025-10-22 05:40:00,-1,4070.148,4069.179,0.769000000000051,1,trail
2025-10-22 07:27:00,2025-10-22 07:28:00,-1,4026.258,4029.258,-3.2,1,sl
2025-10-23 09:53:00,2025-10-23 09:57:00,1,4148.655,4145.655,-3.2,4,sl
2025-10-23 11:00:00,2025-10-23 11:06:00,1,4150.885,4147.885,-3.2,6,sl
2025-10-24 08:30:00,2025-10-24 08:31:00,1,4090.048,4087.048,-3.2,1,sl
2025-10-26 19:19:00,2025-10-26 19:21:00,-1,4063.955,4063.425,0.32999999999974533,2,trail
2025-10-28 00:30:00,2025-10-28 00:32:00,-1,3966.865,3965.075,1.5899999999999637,2,trail
2025-10-29 13:00:00,2025-10-29 13:02:00,-1,3987.995,3985.995,1.8,2,trail
2025-10-29 13:35:00,2025-10-29 13:36:00,-1,3969.555,3967.555,1.8,1,trail
2025-10-29 14:23:00,2025-10-29 14:25:00,-1,3960.435,3958.505,1.7299999999998363,2,trail
2025-10-29 17:20:00,2025-10-29 17:23:00,-1,3929.895,3927.895,1.8,3,trail
2025-10-29 18:06:00,2025-10-29 18:08:00,1,3946.258,3943.258,-3.2,2,sl
2025-10-29 18:49:00,2025-10-29 18:50:00,1,3951.765,3948.765,-3.2,1,sl
2025-10-31 02:14:00,2025-10-31 02:18:00,1,4015.515,4017.515,1.8,4,trail
2025-10-31 02:55:00,2025-10-31 02:58:00,1,4021.245,4022.195,0.7500000000002729,3,trail
2025-11-02 19:30:00,2025-11-02 19:35:00,-1,3964.158,3967.158,-3.2,5,sl
2025-11-02 19:54:00,2025-11-02 19:56:00,-1,3968.139,3971.139,-3.2,2,sl
2025-11-14 07:10:00,2025-11-14 07:37:00,-1,4132.615,4117.615,14.8,27,reverse
2025-11-14 08:01:00,2025-11-14 08:02:00,-1,4109.035,4112.035,-3.2,1,sl
2025-11-14 10:14:00,2025-11-14 10:17:00,1,4079.175,4079.815,0.43999999999987266,3,trail
2025-11-14 10:47:00,2025-11-14 10:49:00,1,4088.525,4090.325,1.5999999999997272,2,trail
2025-11-16 18:04:00,2025-11-16 18:05:00,-1,4076.445,4075.648,0.5970000000000255,1,trail
2025-11-17 08:01:00,2025-11-17 08:08:00,1,4082.775,4084.775,1.8,7,trail
2025-11-17 23:36:00,2025-11-17 23:48:00,-1,4008.615,4011.615,-3.2,12,sl
2025-11-19 11:17:00,2025-11-19 11:19:00,-1,4085.315,4083.315,1.8,2,trail
2025-11-19 18:01:00,2025-11-19 18:02:00,1,4083.148,4080.148,-3.2,1,sl
2025-11-20 10:56:00,2025-11-20 10:58:00,-1,4078.935,4077.335,1.399999999999909,2,trail
2025-11-21 04:01:00,2025-11-21 04:09:00,1,4046.495,4047.708,1.0130000000001929,8,trail
2025-11-24 01:24:00,2025-11-24 01:27:00,1,4053.905,4054.795,0.6899999999998727,3,trail
2025-11-24 21:02:00,2025-11-24 21:06:00,1,4138.715,4140.415,1.4999999999998181,4,trail
2025-11-25 12:00:00,2025-11-25 12:01:00,1,4145.365,4147.365,1.8,1,trail
2025-12-01 09:31:00,2025-12-01 09:32:00,-1,4240.515,4243.515,-3.2,1,sl
2025-12-08 08:51:00,2025-12-08 08:54:00,-1,4198.985,4201.985,-3.2,3,sl
2025-12-08 09:58:00,2025-12-08 10:19:00,-1,4197.185,4186.055,10.93000000000011,21,reverse
2025-12-11 10:32:00,2025-12-11 10:57:00,1,4243.948,4250.605,6.456999999999243,25,reverse
2025-12-12 08:30:00,2025-12-12 08:32:00,1,4342.918,4343.505,0.3870000000004438,2,trail
2025-12-12 11:34:00,2025-12-12 11:36:00,-1,4279.425,4278.915,0.31000000000021827,2,trail
2025-12-15 09:47:00,2025-12-15 09:49:00,-1,4324.975,4323.595,1.1800000000001092,2,trail
2025-12-15 10:19:00,2025-12-15 10:20:00,-1,4314.565,4317.565,-3.2,1,sl
2025-12-25 18:04:00,2025-12-25 18:05:00,1,4486.765,4488.735,1.7699999999993452,1,trail
2025-12-26 12:54:00,2025-12-26 12:55:00,-1,4513.965,4516.965,-3.2,1,sl
2025-12-28 19:44:00,2025-12-28 19:45:00,-1,4489.048,4487.299,1.5489999999997963,1,trail
2025-12-30 11:00:00,2025-12-30 11:01:00,-1,4362.105,4361.285,0.619999999999709,1,trail
2025-12-31 11:04:00,2025-12-31 11:06:00,-1,4327.845,4326.275,1.3700000000006185,2,trail
