date,side,entry_time,entry_price,exit_time,exit_price,exit_reason,asia_range,asia_high,asia_low,entry_spread,gross,commission,slippage,net,r_multiple,balance,margin_used,duration_min
2024-01-02,1,2024-01-02T07:02:28.014000+00:00,2075.075,2024-01-02T14:42:18.819000+00:00,2062.585,sl,12.476,2074.915,2062.439,0.29,-12.49,0.07,0.02,-12.58,-1.0083,987.42,2.59,459.8
2024-01-03,-1,2024-01-03T08:28:09.702000+00:00,2059.105,2024-01-03T10:22:00.048000+00:00,2053.835,tp,6.74,2066.005,2059.265,0.31,5.27,0.07,0.02,5.18,0.7685,992.6,2.57,113.8
2024-01-04,1,2024-01-04T07:00:00.054000+00:00,2047.465,2024-01-04T13:33:00.113000+00:00,2040.655,sl,6.738,2046.966,2040.229,0.347,-6.81,0.07,0.02,-6.9,-1.024,985.7,2.56,393.0
2024-01-05,-1,2024-01-05T07:00:00.065000+00:00,2042.358,2024-01-05T10:01:11.232000+00:00,2038.525,tp,5.11,2048.32,2043.21,0.337,3.833,0.07,0.02,3.743,0.7325,989.44,2.55,181.2
2024-01-08,-1,2024-01-08T09:19:43.011000+00:00,2026.955,2024-01-08T16:00:00.036000+00:00,2034.405,time,19.562,2046.685,2027.123,0.22,-7.45,0.07,0.02,-7.54,-0.3855,981.9,2.53,400.3
2024-01-09,1,2024-01-09T07:25:02.058000+00:00,2036.105,2024-01-09T13:38:14.272000+00:00,2040.345,tp,5.515,2035.92,2030.405,0.35,4.24,0.07,0.02,4.15,0.7525,986.05,2.55,373.2
2024-01-10,-1,2024-01-10T07:00:00.214000+00:00,2024.435,2024-01-10T07:51:20.023000+00:00,2031.845,sl,7.39,2032.93,2025.54,0.29,-7.41,0.07,0.02,-7.5,-1.0149,978.55,2.53,51.3
2024-01-11,1,2024-01-11T07:10:07.934000+00:00,2034.902,2024-01-11T13:30:00.359000+00:00,2043.496,tp,8.068,2034.738,2026.67,0.267,8.594,0.07,0.02,8.504,1.054,987.06,2.54,379.9
2024-01-12,1,2024-01-12T07:28:39.511000+00:00,2037.415,2024-01-12T10:45:36.172000+00:00,2042.805,tp,7.13,2037.255,2030.125,0.31,5.39,0.07,0.02,5.3,0.7433,992.36,2.55,196.9
2024-01-15,1,2024-01-15T08:42:13.584000+00:00,2058.355,2024-01-15T16:00:00.017000+00:00,2053.108,time,12.285,2058.14,2045.855,0.42,-5.247,0.07,0.02,-5.337,-0.4344,987.02,2.57,437.8
2024-01-16,-1,2024-01-16T08:12:32.036000+00:00,2047.355,2024-01-16T09:05:06.114000+00:00,2042.095,tp,7.002,2054.605,2047.603,0.35,5.26,0.07,0.02,5.17,0.7384,992.19,2.56,52.6
2024-01-17,-1,2024-01-17T07:00:00.048000+00:00,2019.165,2024-01-17T15:29:31.697000+00:00,2008.822,tp,13.603,2032.98,2019.377,0.321,10.343,0.07,0.02,10.253,0.7537,1002.44,2.52,509.5
2024-01-18,1,2024-01-18T07:00:00.104000+00:00,2012.785,2024-01-18T16:00:01.485000+00:00,2013.515,time,6.369,2012.224,2005.855,0.21,0.73,0.07,0.02,0.64,0.1005,1003.08,2.52,540.0
2024-01-19,1,2024-01-19T07:22:59.944000+00:00,2025.825,2024-01-19T08:54:36.713000+00:00,2029.828,tp,5.131,2025.645,2020.514,0.327,4.003,0.07,0.02,3.913,0.7625,1007.0,2.53,91.6
2024-01-22,-1,2024-01-22T07:00:00.106000+00:00,2020.805,2024-01-22T16:00:00.045000+00:00,2024.325,time,10.24,2032.15,2021.91,0.29,-3.52,0.07,0.02,-3.61,-0.3525,1003.39,2.53,540.0
2024-01-23,1,2024-01-23T07:00:00.026000+00:00,2035.405,2024-01-23T11:25:31.242000+00:00,2023.255,sl,12.115,2031.775,2019.66,0.37,-12.15,0.07,0.02,-12.24,-1.0103,991.15,2.54,265.5
2024-01-24,1,2024-01-24T07:39:00.291000+00:00,2029.575,2024-01-24T13:06:01.098000+00:00,2034.535,tp,6.525,2029.4,2022.875,0.34,4.96,0.07,0.02,4.87,0.7464,996.02,2.54,327.0
2024-01-25,-1,2024-01-25T07:08:39.707000+00:00,2014.404,2024-01-25T07:18:16.485000+00:00,2017.162,sl,2.747,2017.36,2014.613,0.281,-2.758,0.07,0.02,-2.848,-1.037,993.17,2.52,9.6
2024-01-26,-1,2024-01-26T09:05:44.020000+00:00,2019.265,2024-01-26T10:56:14.213000+00:00,2024.115,sl,4.85,2024.27,2019.42,0.29,-4.85,0.07,0.02,-4.94,-1.0186,988.23,2.52,110.5
2024-01-29,1,2024-01-29T07:00:00.029000+00:00,2029.096,2024-01-29T13:43:47.734000+00:00,2035.325,tp,8.26,2027.62,2019.36,0.351,6.229,0.07,0.02,6.139,0.7432,994.37,2.54,403.8
2024-01-30,1,2024-01-30T07:00:00.139000+00:00,2034.775,2024-01-30T07:35:05.735000+00:00,2038.365,tp,4.255,2034.175,2029.92,0.35,3.59,0.07,0.02,3.5,0.8226,997.87,2.54,35.1
2024-01-31,1,2024-01-31T07:33:11.049000+00:00,2038.876,2024-01-31T14:10:13.685000+00:00,2043.195,tp,5.747,2038.677,2032.93,0.341,4.319,0.07,0.02,4.229,0.7359,1002.1,2.55,397.0
2024-02-01,-1,2024-02-01T08:15:47.872000+00:00,2039.025,2024-02-01T10:58:07.097000+00:00,2031.195,tp,10.429,2049.649,2039.22,0.32,7.83,0.07,0.02,7.74,0.7422,1009.84,2.55,162.3
2024-02-02,1,2024-02-02T07:24:37.881000+00:00,2057.145,2024-02-02T13:29:29.363000+00:00,2051.888,sl,5.045,2056.995,2051.95,0.29,-5.257,0.07,0.02,-5.347,-1.0599,1004.49,2.57,364.9
2024-02-05,-1,2024-02-05T07:07:30.628000+00:00,2028.818,2024-02-05T13:21:31.735000+00:00,2020.635,tp,10.904,2039.923,2029.019,0.367,8.183,0.07,0.02,8.093,0.7422,1012.58,2.54,374.0
2024-02-06,-1,2024-02-06T08:59:03.871000+00:00,2023.395,2024-02-06T13:06:41.955000+00:00,2029.715,sl,6.32,2029.865,2023.545,0.29,-6.32,0.07,0.02,-6.41,-1.0142,1006.17,2.53,247.6
2024-02-07,1,2024-02-07T07:38:21.463000+00:00,2036.365,2024-02-07T08:17:41.552000+00:00,2033.315,sl,2.88,2036.2,2033.32,0.3,-3.05,0.07,0.02,-3.14,-1.0903,1003.03,2.55,39.3
2024-02-08,-1,2024-02-08T08:17:36.609000+00:00,2031.005,2024-02-08T10:30:08.499000+00:00,2038.635,sl,7.626,2038.79,2031.164,0.29,-7.63,0.07,0.02,-7.72,-1.0124,995.31,2.54,132.5
2024-02-09,-1,2024-02-09T08:13:10.820000+00:00,2031.795,2024-02-09T12:50:42.195000+00:00,2029.305,tp,3.192,2035.147,2031.955,0.29,2.49,0.07,0.02,2.4,0.752,997.71,2.54,277.5
2024-02-12,1,2024-02-12T08:20:38.183000+00:00,2026.845,2024-02-12T09:17:12.026000+00:00,2022.115,sl,4.72,2026.67,2021.95,0.31,-4.73,0.07,0.02,-4.82,-1.0212,992.89,2.53,56.6
2024-02-13,1,2024-02-13T07:00:00.061000+00:00,2023.875,2024-02-13T10:45:53.416000+00:00,2027.608,tp,4.793,2021.734,2016.94,0.29,3.733,0.07,0.02,3.643,0.76,996.53,2.53,225.9
2024-02-14,-1,2024-02-14T08:06:06.789000+00:00,1988.745,2024-02-14T10:59:38.860000+00:00,1993.582,sl,4.755,1993.665,1988.91,0.31,-4.837,0.07,0.02,-4.927,-1.0362,991.61,2.49,173.5
2024-02-15,1,2024-02-15T07:31:29.084000+00:00,1994.542,2024-02-15T10:45:22.254000+00:00,1997.625,tp,4.036,1994.365,1990.329,0.337,3.083,0.07,0.02,2.993,0.7415,994.6,2.49,193.9
2024-02-16,1,2024-02-16T07:38:07.744000+00:00,2005.875,2024-02-16T13:30:02.804000+00:00,2000.978,sl,3.282,2005.71,2002.428,0.307,-4.897,0.07,0.02,-4.987,-1.5197,989.61,2.51,351.9
2024-02-19,1,2024-02-19T07:24:11.020000+00:00,2023.115,2024-02-19T16:00:00.738000+00:00,2014.755,time,8.995,2022.935,2013.939,0.33,-8.36,0.07,0.02,-8.45,-0.9394,981.16,2.53,515.8
2024-02-20,1,2024-02-20T07:00:18.106000+00:00,2019.975,2024-02-20T09:08:04.273000+00:00,2023.598,tp,4.682,2019.79,2015.108,0.33,3.623,0.07,0.02,3.533,0.7547,984.7,2.52,127.8
2024-02-22,1,2024-02-22T07:06:13.357000+00:00,2030.235,2024-02-22T08:07:45.416000+00:00,2033.985,tp,4.931,2030.095,2025.164,0.27,3.75,0.07,0.02,3.66,0.7422,988.36,2.54,61.5
2024-02-23,-1,2024-02-23T07:00:00.106000+00:00,2020.785,2024-02-23T09:41:52.337000+00:00,2016.905,tp,5.164,2027.434,2022.27,0.3,3.88,0.07,0.02,3.79,0.734,992.15,2.53,161.9
2024-02-26,1,2024-02-26T07:12:22.363000+00:00,2034.475,2024-02-26T14:13:08.822000+00:00,2030.095,sl,4.361,2034.306,2029.945,0.31,-4.38,0.07,0.02,-4.47,-1.0249,987.68,2.54,420.8
2024-02-27,1,2024-02-27T07:14:52.103000+00:00,2034.835,2024-02-27T08:30:55.857000+00:00,2037.685,tp,3.548,2034.64,2031.091,0.3,2.85,0.07,0.02,2.76,0.7778,990.44,2.54,76.1
2024-02-28,-1,2024-02-28T07:00:01.012000+00:00,2029.078,2024-02-28T09:22:31.755000+00:00,2025.645,tp,4.555,2033.775,2029.22,0.247,3.433,0.07,0.02,3.343,0.7339,993.78,2.54,142.5
2024-02-29,1,2024-02-29T07:02:40.566000+00:00,2037.335,2024-02-29T09:48:00.177000+00:00,2034.195,sl,3.135,2037.15,2034.015,0.33,-3.14,0.07,0.02,-3.23,-1.0303,990.55,2.55,165.3
2024-03-01,1,2024-03-01T07:02:00.983000+00:00,2047.115,2024-03-01T08:17:01.068000+00:00,2043.115,sl,3.995,2046.915,2042.92,0.317,-4.0,0.07,0.02,-4.09,-1.0238,986.46,2.56,75.0
2024-03-04,1,2024-03-04T07:01:34.552000+00:00,2084.645,2024-03-04T13:55:56.834000+00:00,2088.755,tp,5.004,2084.465,2079.461,0.321,4.11,0.07,0.02,4.02,0.8034,990.48,2.61,414.4
2024-03-05,1,2024-03-05T08:27:20.556000+00:00,2120.035,2024-03-05T10:13:48.701000+00:00,2127.075,tp,9.289,2119.823,2110.535,0.317,7.04,0.07,0.02,6.95,0.7482,997.43,2.65,106.5
2024-03-06,1,2024-03-06T07:04:08.059000+00:00,2128.425,2024-03-06T11:42:32.574000+00:00,2131.895,tp,4.425,2128.195,2123.77,0.33,3.47,0.07,0.02,3.38,0.7638,1000.81,2.66,278.4
2024-03-08,1,2024-03-08T08:14:25.606000+00:00,2163.816,2024-03-08T13:30:52.655000+00:00,2171.408,tp,9.58,2163.635,2154.055,0.361,7.592,0.07,0.02,7.502,0.7831,1008.31,2.7,316.5
2024-03-11,-1,2024-03-11T07:58:37.957000+00:00,2176.725,2024-03-11T16:00:00.079000+00:00,2181.075,time,9.93,2186.845,2176.915,0.37,-4.35,0.07,0.02,-4.44,-0.4471,1003.87,2.72,481.4
2024-03-12,-1,2024-03-12T10:14:02.977000+00:00,2173.515,2024-03-12T11:30:01.300000+00:00,2162.962,tp,9.46,2183.165,2173.705,0.32,10.553,0.07,0.02,10.463,1.106,1014.33,2.72,76.0
2024-03-13,1,2024-03-13T09:36:45.434000+00:00,2161.922,2024-03-13T11:12:51.433000+00:00,2165.195,tp,4.347,2161.664,2157.316,0.357,3.273,0.07,0.02,3.183,0.7322,1017.52,2.7,96.1
2024-03-14,-1,2024-03-14T10:48:09.077000+00:00,2167.295,2024-03-14T12:35:26.725000+00:00,2160.132,tp,9.546,2177.026,2167.48,0.31,7.163,0.07,0.02,7.073,0.7409,1024.59,2.71,107.3
2024-03-15,1,2024-03-15T08:54:56.915000+00:00,2170.315,2024-03-15T11:31:03.433000+00:00,2161.865,sl,8.4,2170.15,2161.75,0.31,-8.45,0.07,0.02,-8.54,-1.0167,1016.05,2.71,156.1
2024-03-18,1,2024-03-18T09:33:04.903000+00:00,2156.855,2024-03-18T16:00:00.115000+00:00,2159.815,time,10.53,2156.69,2146.16,0.31,2.96,0.07,0.02,2.87,0.2726,1018.92,2.7,386.9
2024-03-19,-1,2024-03-19T07:07:01.644000+00:00,2153.925,2024-03-19T07:21:57.831000+00:00,2147.375,tp,8.725,2162.835,2154.11,0.31,6.55,0.07,0.02,6.46,0.7404,1025.38,2.69,14.9
2024-03-20,-1,2024-03-20T07:04:17.985000+00:00,2156.365,2024-03-20T08:56:12.224000+00:00,2153.515,tp,3.77,2160.295,2156.525,0.31,2.85,0.07,0.02,2.76,0.7321,1028.14,2.7,111.9
2024-03-21,-1,2024-03-21T07:42:41.242000+00:00,2197.555,2024-03-21T13:02:01.322000+00:00,2186.675,tp,14.49,2212.535,2198.044,0.25,10.88,0.07,0.02,10.79,0.7446,1038.93,2.75,319.3
2024-03-22,-1,2024-03-22T07:00:00.084000+00:00,2168.298,2024-03-22T16:00:00.046000+00:00,2162.865,time,16.025,2185.965,2169.94,0.307,5.433,0.07,0.02,5.343,0.3334,1044.27,2.71,540.0
2024-03-25,-1,2024-03-25T07:44:25.676000+00:00,2163.835,2024-03-25T12:36:59.356000+00:00,2178.216,sl,14.375,2178.395,2164.02,0.35,-14.381,0.07,0.02,-14.471,-1.0066,1029.8,2.7,292.6
2024-03-26,1,2024-03-26T07:16:23.373000+00:00,2174.612,2024-03-26T08:04:02.521000+00:00,2179.705,tp,6.784,2174.425,2167.641,0.307,5.093,0.07,0.02,5.003,0.7375,1034.81,2.72,47.7
2024-03-27,1,2024-03-27T07:15:35.750000+00:00,2181.985,2024-03-27T08:44:01.068000+00:00,2188.195,tp,8.275,2181.795,2173.52,0.34,6.21,0.07,0.02,6.12,0.7396,1040.93,2.73,88.4
2024-03-28,1,2024-03-28T09:22:12.230000+00:00,2200.935,2024-03-28T09:41:17.272000+00:00,2210.905,tp,13.178,2200.74,2187.561,0.32,9.97,0.07,0.02,9.88,0.7497,1050.81,2.75,19.1
2026-08-03,-1,2026-08-03T09:32:23+00:00,4046.995,2026-08-03T13:38:07+00:00,4022.875,tp,32.135,4079.535,4047.4,0.57,24.12,0.07,0.02,24.03,0.7478,1074.84,5.06,245.7
2026-08-04,1,2026-08-04T08:03:40+00:00,4070.135,2026-08-04T13:23:39+00:00,4090.435,tp,26.7,4069.43,4042.73,0.63,20.3,0.07,0.02,20.21,0.7569,1095.05,5.09,320.0
2026-08-07,1,2026-08-07T07:00:00+00:00,4297.675,2026-08-07T12:30:07+00:00,4336.325,tp,50.975,4280.74,4229.765,0.64,38.65,0.07,0.02,38.56,0.7564,1133.61,5.37,330.1
2026-08-10,1,2026-08-10T07:00:00+00:00,4358.715,2026-08-10T13:57:31+00:00,4319.935,sl,38.735,4352.195,4313.46,0.88,-38.78,0.07,0.02,-38.87,-1.0035,1094.74,5.45,417.5
2026-08-11,-1,2026-08-11T07:00:00+00:00,4365.815,2026-08-11T16:00:00+00:00,4384.205,time,67.66,4435.155,4367.495,0.83,-18.39,0.07,0.02,-18.48,-0.2731,1076.26,5.46,540.0
2026-08-12,1,2026-08-12T09:15:50+00:00,4416.145,2026-08-12T16:00:00+00:00,4420.935,time,49.415,4415.87,4366.455,0.5,4.79,0.07,0.02,4.7,0.0951,1080.96,5.52,404.2
2026-08-13,-1,2026-08-13T07:00:00+00:00,4380.315,2026-08-13T16:00:00+00:00,4365.555,time,69.125,4449.835,4380.71,0.65,14.76,0.07,0.02,14.67,0.2122,1095.63,5.48,540.0
2026-08-14,1,2026-08-14T11:35:05+00:00,4362.535,2026-08-14T16:00:00+00:00,4391.495,time,51.425,4362.195,4310.77,0.55,28.96,0.07,0.02,28.87,0.5614,1124.5,5.45,264.9
2026-08-19,1,2026-08-19T07:36:24+00:00,4362.295,2026-08-19T12:36:05+00:00,4390.537,tp,37.628,4362.065,4324.437,0.32,28.242,0.07,0.02,28.152,0.7482,1152.65,5.45,299.7
2026-08-20,-1,2026-08-20T11:41:06+00:00,4477.615,2026-08-20T15:01:26+00:00,4521.545,sl,43.425,4521.31,4477.885,0.52,-43.93,0.07,0.02,-44.02,-1.0137,1108.63,5.6,200.3
2026-08-21,1,2026-08-21T07:00:00+00:00,4561.195,2026-08-21T09:10:15+00:00,4596.875,tp,47.48,4556.395,4508.915,0.64,35.68,0.07,0.02,35.59,0.7496,1144.22,5.7,130.2
2026-08-24,1,2026-08-24T11:35:07+00:00,4657.655,2026-08-24T16:00:00+00:00,4648.885,time,62.72,4657.145,4594.425,0.76,-8.77,0.07,0.02,-8.86,-0.1413,1135.36,5.82,264.9
2026-08-26,-1,2026-08-26T07:40:45+00:00,4629.255,2026-08-26T15:02:52+00:00,4596.215,tp,41.315,4670.93,4629.615,0.57,33.04,0.07,0.02,32.95,0.7975,1168.31,5.79,442.1
2026-08-27,-1,2026-08-27T07:00:00+00:00,4600.035,2026-08-27T13:48:30+00:00,4568.105,tp,42.45,4643.02,4600.57,0.84,31.93,0.07,0.02,31.84,0.7501,1200.15,5.75,408.5
2026-08-28,1,2026-08-28T07:00:00+00:00,4612.945,2026-08-28T14:02:28+00:00,4579.265,sl,31.32,4602.78,4571.46,0.63,-33.68,0.07,0.02,-33.77,-1.0782,1166.38,5.77,422.5
