entry_time,exit_time,direction,entry,exit,pnl,bars
2025-12-01 01:19,2025-12-01 01:29,SHORT,4230.188,4230.945,-0.957,10
2025-12-01 01:38,2025-12-01 01:41,SHORT,4230.105,4233.005,-3.1,3
2025-12-01 02:10,2025-12-01 02:14,LONG,4237.928,4235.698,-2.43,4
2025-12-01 02:25,2025-12-01 02:45,LONG,4237.338,4240.125,2.587,20
2025-12-01 02:49,2025-12-01 03:28,LONG,4242.245,4250.375,7.93,35
2025-12-01 04:21,2025-12-01 04:36,LONG,4248.895,4248.575,-0.52,15
2025-12-01 04:47,2025-12-01 04:49,LONG,4249.565,4247.265,-2.5,2
2025-12-01 04:59,2025-12-01 05:18,LONG,4249.915,4256.655,6.54,19
2025-12-01 05:45,2025-12-01 06:01,LONG,4254.015,4253.398,-0.817,16
2025-12-01 06:05,2025-12-01 06:06,LONG,4255.555,4254.538,-1.217,1
2025-12-01 06:19,2025-12-01 06:20,LONG,4253.465,4251.735,-1.93,1
2025-12-01 07:01,2025-12-01 07:03,LONG,4255.975,4253.095,-3.08,2
2025-12-01 07:24,2025-12-01 07:27,SHORT,4249.445,4251.795,-2.55,3
2025-12-01 07:44,2025-12-01 08:03,SHORT,4252.125,4250.485,1.44,19
2025-12-01 08:18,2025-12-01 08:22,SHORT,4251.405,4256.705,-5.5,4
2025-12-01 09:21,2025-12-01 09:29,SHORT,4244.355,4246.425,-2.27,8
2025-12-01 09:32,2025-12-01 09:49,SHORT,4240.595,4233.875,6.52,17
2025-12-01 10:11,2025-12-01 10:35,SHORT,4236.075,4226.965,8.91,24
2025-12-01 11:17,2025-12-01 11:24,SHORT,4229.415,4236.335,-7.12,7
2025-12-01 11:43,2025-12-01 11:50,LONG,4236.835,4234.635,-2.4,7
2025-12-01 12:21,2025-12-01 12:25,SHORT,4228.395,4232.025,-3.83,4
2025-12-01 13:04,2025-12-01 13:37,LONG,4234.815,4236.795,1.78,33
2025-12-01 14:21,2025-12-01 14:22,LONG,4239.255,4237.675,-1.78,1
2025-12-01 14:26,2025-12-01 14:43,LONG,4238.335,4238.455,-0.08,17
2025-12-01 15:20,2025-12-01 15:23,SHORT,4236.075,4238.275,-2.4,3
2025-12-01 15:27,2025-12-01 15:36,SHORT,4236.565,4237.885,-1.52,9
2025-12-01 18:22,2025-12-01 18:25,SHORT,4231.695,4233.045,-1.55,3
2025-12-01 18:36,2025-12-01 18:55,SHORT,4233.105,4229.825,3.08,19
2025-12-01 18:58,2025-12-01 19:13,SHORT,4227.475,4227.065,0.21,15
2025-12-01 19:18,2025-12-01 19:29,SHORT,4224.925,4225.605,-0.88,11
2025-12-01 19:50,2025-12-01 19:57,SHORT,4225.205,4227.798,-2.793,7
2025-12-01 20:01,2025-12-01 20:20,SHORT,4224.305,4213.325,10.78,19
2025-12-01 21:06,2025-12-01 21:08,SHORT,4215.625,4218.295,-2.87,2
2025-12-01 21:35,2025-12-01 21:59,LONG,4218.675,4220.195,1.32,24
2025-12-01 22:01,2025-12-01 22:25,LONG,4221.905,4224.245,2.14,24
2025-12-01 22:35,2025-12-01 22:40,LONG,4224.435,4222.458,-2.177,5
2025-12-01 23:11,2025-12-01 23:20,SHORT,4217.915,4218.625,-0.91,9
2025-12-01 23:25,2025-12-01 23:41,SHORT,4216.685,4217.025,-0.54,16
2025-12-02 00:05,2025-12-02 00:12,SHORT,4217.625,4218.748,-1.323,7
2025-12-02 00:39,2025-12-02 00:45,LONG,4222.365,4219.945,-2.62,6
2025-12-02 00:48,2025-12-02 01:15,LONG,4222.525,4223.635,0.91,27
2025-12-02 01:43,2025-12-02 01:44,SHORT,4206.895,4208.055,-1.36,1
2025-12-02 02:02,2025-12-02 02:07,SHORT,4210.345,4213.125,-2.98,5
2025-12-02 03:06,2025-12-02 03:13,SHORT,4210.135,4213.485,-3.55,7
2025-12-02 03:35,2025-12-02 03:36,LONG,4215.005,4215.125,-0.08,1
2025-12-02 03:40,2025-12-02 03:41,LONG,4216.435,4213.415,-3.22,1
2025-12-02 04:45,2025-12-02 04:53,SHORT,4190.355,4191.355,-1.2,8
2025-12-02 05:02,2025-12-02 05:25,SHORT,4190.815,4187.505,3.11,23
2025-12-02 05:33,2025-12-02 05:39,SHORT,4186.375,4187.555,-1.38,6
2025-12-02 05:48,2025-12-02 06:01,SHORT,4185.525,4187.305,-1.98,13
2025-12-02 06:17,2025-12-02 06:19,SHORT,4186.955,4188.695,-1.94,2
2025-12-02 07:26,2025-12-02 07:32,LONG,4205.095,4202.845,-2.45,6
2025-12-02 07:37,2025-12-02 07:46,LONG,4205.245,4204.045,-1.4,9
2025-12-02 07:49,2025-12-02 07:51,LONG,4205.345,4204.615,-0.93,2
2025-12-02 07:53,2025-12-02 08:09,LONG,4205.545,4206.465,0.72,16
2025-12-02 08:24,2025-12-02 08:30,LONG,4207.465,4203.465,-4.2,6
2025-12-02 08:34,2025-12-02 08:35,LONG,4206.825,4204.145,-2.88,1
2025-12-02 08:42,2025-12-02 08:46,LONG,4206.355,4203.838,-2.717,4
2025-12-02 08:51,2025-12-02 09:38,LONG,4205.738,4225.678,19.74,47
2025-12-02 09:50,2025-12-02 09:56,LONG,4222.988,4219.665,-3.523,6
2025-12-02 10:47,2025-12-02 11:09,SHORT,4187.455,4174.145,13.11,22
2025-12-02 11:12,2025-12-02 11:13,SHORT,4171.845,4173.095,-1.45,1
2025-12-02 11:18,2025-12-02 11:20,SHORT,4172.085,4176.795,-4.91,2
2025-12-02 11:54,2025-12-02 12:01,SHORT,4185.385,4191.105,-5.92,7
2025-12-02 12:13,2025-12-02 12:42,LONG,4188.585,4190.985,2.2,29
2025-12-02 12:46,2025-12-02 12:59,LONG,4194.195,4193.995,-0.4,13
2025-12-02 13:02,2025-12-02 13:10,LONG,4195.085,4193.055,-2.23,8
2025-12-02 13:21,2025-12-02 13:26,LONG,4193.885,4191.965,-2.12,5
2025-12-02 13:50,2025-12-02 13:53,SHORT,4186.815,4189.725,-3.11,3
2025-12-02 14:27,2025-12-02 14:36,LONG,4197.405,4196.265,-1.34,9
2025-12-02 14:44,2025-12-02 14:45,LONG,4196.915,4194.875,-2.24,1
2025-12-02 14:47,2025-12-02 14:57,LONG,4196.645,4194.505,-2.34,10
2025-12-02 14:58,2025-12-02 15:06,LONG,4198.555,4196.485,-2.27,8
2025-12-02 15:21,2025-12-02 15:23,LONG,4197.505,4196.345,-1.36,2
2025-12-02 15:26,2025-12-02 15:53,LONG,4197.248,4208.575,11.127,27
2025-12-02 15:59,2025-12-02 16:06,LONG,4210.255,4209.045,-1.41,7
2025-12-02 16:16,2025-12-02 16:17,LONG,4209.375,4208.585,-0.99,1
2025-12-02 16:23,2025-12-02 16:33,LONG,4209.345,4209.245,-0.3,10
2025-12-02 16:35,2025-12-02 16:42,LONG,4210.345,4209.205,-1.34,7
2025-12-02 18:45,2025-12-02 19:01,LONG,4208.515,4209.135,0.42,16
2025-12-02 19:16,2025-12-02 19:23,LONG,4210.925,4209.295,-1.83,7
2025-12-02 19:40,2025-12-02 19:53,SHORT,4208.025,4207.205,0.62,13
2025-12-02 20:17,2025-12-02 20:26,LONG,4217.945,4216.125,-2.02,9
2025-12-02 20:36,2025-12-02 20:40,LONG,4217.319,4214.925,-2.594,4
2025-12-02 20:44,2025-12-02 20:56,LONG,4216.475,4216.355,-0.32,12
2025-12-02 21:03,2025-12-02 21:22,LONG,4217.655,4220.795,2.94,19
2025-12-02 21:29,2025-12-02 21:45,LONG,4223.025,4224.865,1.64,16
2025-12-02 21:47,2025-12-02 21:56,LONG,4227.315,4225.425,-2.09,9
2025-12-02 22:02,2025-12-02 22:03,LONG,4226.525,4226.185,-0.54,1
2025-12-02 22:19,2025-12-02 22:33,LONG,4224.415,4223.285,-1.33,14
2025-12-02 22:52,2025-12-02 23:14,SHORT,4221.485,4220.205,1.08,22
2025-12-03 01:14,2025-12-03 01:16,SHORT,4206.815,4208.215,-1.6,2
2025-12-03 01:20,2025-12-03 01:24,SHORT,4206.895,4210.425,-3.73,4
2025-12-03 01:33,2025-12-03 01:49,SHORT,4206.575,4208.245,-1.87,16
2025-12-03 01:58,2025-12-03 02:07,SHORT,4207.455,4208.945,-1.69,9
2025-12-03 02:13,2025-12-03 02:38,SHORT,4207.315,4205.565,1.55,25
2025-12-03 02:47,2025-12-03 02:50,SHORT,4204.015,4205.785,-1.97,3
2025-12-03 03:06,2025-12-03 03:10,SHORT,4205.725,4207.405,-1.88,4
2025-12-03 03:16,2025-12-03 03:17,SHORT,4205.875,4206.485,-0.81,1
2025-12-03 03:20,2025-12-03 03:28,SHORT,4205.635,4206.065,-0.63,8
2025-12-03 03:35,2025-12-03 03:42,SHORT,4204.545,4205.725,-1.38,7
2025-12-03 04:23,2025-12-03 04:28,SHORT,4200.025,4200.995,-1.17,5
2025-12-03 04:43,2025-12-03 04:45,SHORT,4200.825,4201.435,-0.81,2
2025-12-03 04:48,2025-12-03 04:51,SHORT,4200.665,4201.455,-0.99,3
2025-12-03 04:54,2025-12-03 04:58,SHORT,4200.605,4201.835,-1.43,4
2025-12-03 05:04,2025-12-03 05:08,SHORT,4200.945,4201.925,-1.18,4
2025-12-03 05:09,2025-12-03 05:23,SHORT,4200.415,4198.575,1.64,14
2025-12-03 05:38,2025-12-03 05:43,SHORT,4199.848,4202.295,-2.647,5
2025-12-03 05:46,2025-12-03 05:56,SHORT,4199.755,4200.645,-1.09,10
2025-12-03 06:01,2025-12-03 06:08,SHORT,4199.018,4200.045,-1.227,7
2025-12-03 06:09,2025-12-03 06:16,SHORT,4198.965,4199.655,-0.89,7
2025-12-03 06:51,2025-12-03 07:19,LONG,4204.535,4206.825,2.09,28
2025-12-03 07:25,2025-12-03 07:49,LONG,4208.115,4211.205,2.89,24
2025-12-03 07:58,2025-12-03 08:12,LONG,4212.295,4212.655,0.16,14
2025-12-03 08:16,2025-12-03 08:36,LONG,4218.828,4217.995,-1.033,20
2025-12-03 08:40,2025-12-03 09:06,LONG,4221.025,4229.745,8.52,26
2025-12-03 09:26,2025-12-03 09:43,LONG,4227.315,4227.585,0.07,17
2025-12-03 11:16,2025-12-03 11:27,SHORT,4214.825,4216.535,-1.91,11
2025-12-03 11:45,2025-12-03 12:08,SHORT,4220.525,4206.495,13.83,23
2025-12-03 12:27,2025-12-03 12:37,SHORT,4209.275,4210.575,-1.5,10
2025-12-03 12:52,2025-12-03 12:59,SHORT,4208.855,4211.765,-3.11,7
2025-12-03 13:00,2025-12-03 13:31,SHORT,4210.835,4205.295,5.34,31
2025-12-03 13:50,2025-12-03 14:03,SHORT,4203.095,4202.725,0.17,13
2025-12-03 15:02,2025-12-03 15:03,LONG,4209.235,4208.075,-1.36,1
2025-12-03 15:04,2025-12-03 15:19,LONG,4208.935,4209.635,0.5,15
2025-12-03 15:22,2025-12-03 15:24,LONG,4211.065,4209.665,-1.6,2
2025-12-03 15:31,2025-12-03 15:34,LONG,4210.275,4207.865,-2.61,3
2025-12-03 15:38,2025-12-03 15:45,LONG,4210.225,4208.485,-1.94,7
2025-12-03 18:49,2025-12-03 18:54,SHORT,4205.245,4206.005,-0.96,5
2025-12-03 19:03,2025-12-03 19:05,SHORT,4205.205,4206.235,-1.23,2
2025-12-03 19:19,2025-12-03 19:44,LONG,4208.705,4212.875,3.97,25
2025-12-03 20:02,2025-12-03 20:04,LONG,4212.965,4206.865,-6.3,2
2025-12-03 20:12,2025-12-03 20:24,LONG,4212.295,4211.185,-1.31,12
2025-12-03 20:29,2025-12-03 20:42,LONG,4212.225,4211.865,-0.56,13
2025-12-03 20:44,2025-12-03 20:51,LONG,4213.525,4211.425,-2.3,7
2025-12-03 21:20,2025-12-03 21:24,SHORT,4203.075,4205.345,-2.47,4
2025-12-03 21:33,2025-12-03 21:52,SHORT,4203.855,4202.655,1.0,19
2025-12-03 21:59,2025-12-03 22:21,SHORT,4200.935,4195.055,5.68,22
2025-12-03 22:29,2025-12-03 22:39,SHORT,4193.125,4193.335,-0.41,10
2025-12-03 22:53,2025-12-03 22:59,SHORT,4193.795,4195.715,-2.12,6
2025-12-03 23:01,2025-12-03 23:02,SHORT,4194.795,4195.785,-1.19,1
2025-12-03 23:08,2025-12-03 23:14,SHORT,4194.795,4196.155,-1.56,6
2025-12-03 23:24,2025-12-03 23:25,SHORT,4195.415,4196.395,-1.18,1
2025-12-03 23:37,2025-12-03 23:42,LONG,4197.645,4197.375,-0.47,5
2025-12-04 00:00,2025-12-04 00:14,LONG,4196.705,4196.195,-0.71,14
2025-12-04 00:36,2025-12-04 01:02,SHORT,4193.575,4180.425,12.95,26
2025-12-04 01:14,2025-12-04 01:20,SHORT,4180.835,4184.435,-3.8,6
2025-12-04 01:28,2025-12-04 01:31,SHORT,4182.175,4183.225,-1.25,3
2025-12-04 01:52,2025-12-04 01:53,SHORT,4187.195,4188.365,-1.37,1
2025-12-04 02:07,2025-12-04 02:26,LONG,4190.765,4190.895,-0.07,19
2025-12-04 02:51,2025-12-04 03:12,LONG,4191.345,4191.835,0.29,21
2025-12-04 03:18,2025-12-04 03:26,LONG,4194.815,4193.335,-1.68,8
2025-12-04 03:27,2025-12-04 03:29,LONG,4194.825,4192.645,-2.38,2
2025-12-04 03:43,2025-12-04 03:44,LONG,4193.615,4191.565,-2.25,1
2025-12-04 04:16,2025-12-04 04:24,SHORT,4188.445,4189.455,-1.21,8
2025-12-04 05:19,2025-12-04 05:23,LONG,4201.745,4200.065,-1.88,4
2025-12-04 05:33,2025-12-04 05:39,LONG,4201.055,4199.725,-1.53,6
2025-12-04 05:45,2025-12-04 05:52,LONG,4200.955,4199.935,-1.22,7
2025-12-04 06:34,2025-12-04 06:40,LONG,4200.975,4199.035,-2.14,6
2025-12-04 06:46,2025-12-04 06:48,LONG,4200.235,4198.795,-1.64,2
2025-12-04 07:20,2025-12-04 07:46,SHORT,4197.865,4193.075,4.59,26
2025-12-04 07:48,2025-12-04 08:03,SHORT,4190.825,4192.035,-1.41,15
2025-12-04 08:06,2025-12-04 08:21,SHORT,4187.795,4190.775,-3.18,15
2025-12-04 08:33,2025-12-04 08:37,SHORT,4190.325,4194.305,-4.18,4
2025-12-04 08:42,2025-12-04 08:48,SHORT,4190.915,4192.805,-2.09,6
2025-12-04 08:52,2025-12-04 08:56,SHORT,4190.825,4193.805,-3.18,4
2025-12-04 10:28,2025-12-04 10:43,LONG,4203.295,4205.875,2.38,15
2025-12-04 10:55,2025-12-04 11:31,LONG,4206.955,4215.215,8.06,36
2025-12-04 11:49,2025-12-04 12:05,LONG,4212.525,4213.325,0.6,16
2025-12-04 12:20,2025-12-04 12:29,LONG,4212.845,4211.605,-1.44,9
2025-12-04 12:36,2025-12-04 13:02,LONG,4213.545,4215.625,1.88,26
2025-12-04 13:16,2025-12-04 13:18,LONG,4214.755,4211.975,-2.98,2
2025-12-04 13:21,2025-12-04 13:22,LONG,4213.805,4212.975,-1.03,1
2025-12-04 13:25,2025-12-04 13:26,LONG,4213.298,4212.805,-0.693,1
2025-12-04 13:27,2025-12-04 13:28,LONG,4213.395,4212.575,-1.02,1
2025-12-04 13:44,2025-12-04 13:46,SHORT,4211.148,4211.305,-0.357,2
2025-12-04 13:48,2025-12-04 14:18,SHORT,4210.715,4205.065,5.45,30
2025-12-04 14:20,2025-12-04 14:27,SHORT,4203.145,4204.165,-1.22,7
2025-12-04 14:46,2025-12-04 14:48,SHORT,4206.795,4208.348,-1.753,2
2025-12-04 14:50,2025-12-04 14:58,SHORT,4206.955,4208.705,-1.95,8
2025-12-04 15:03,2025-12-04 15:04,SHORT,4207.455,4207.845,-0.59,1
2025-12-04 15:05,2025-12-04 15:06,SHORT,4207.255,4207.975,-0.92,1
2025-12-04 15:07,2025-12-04 15:09,SHORT,4207.365,4208.245,-1.08,2
2025-12-04 15:15,2025-12-04 15:21,SHORT,4207.085,4208.385,-1.5,6
2025-12-04 16:26,2025-12-04 16:30,LONG,4208.845,4208.105,-0.94,4
2025-12-04 16:35,2025-12-04 16:37,LONG,4208.405,4208.295,-0.31,2
2025-12-04 16:38,2025-12-04 16:49,LONG,4208.798,4208.045,-0.953,11
2025-12-04 16:52,2025-12-04 16:57,LONG,4209.445,4208.335,-1.31,5
2025-12-04 18:29,2025-12-04 19:00,SHORT,4207.405,4205.975,1.23,31
2025-12-04 19:02,2025-12-04 19:04,SHORT,4204.655,4206.735,-2.28,2
2025-12-04 19:46,2025-12-04 19:49,SHORT,4203.375,4205.105,-1.93,3
2025-12-04 19:52,2025-12-04 20:05,SHORT,4203.775,4202.695,0.88,13
2025-12-04 20:06,2025-12-04 20:24,SHORT,4199.898,4198.605,1.093,18
2025-12-04 20:43,2025-12-04 20:47,SHORT,4198.615,4201.045,-2.63,4
2025-12-04 21:10,2025-12-04 21:39,SHORT,4202.045,4199.505,2.34,29
2025-12-04 22:35,2025-12-04 23:02,LONG,4204.685,4207.835,2.95,27
2025-12-04 23:05,2025-12-04 23:24,LONG,4208.885,4211.425,2.34,19
2025-12-04 23:26,2025-12-04 23:27,LONG,4212.245,4211.625,-0.82,1
2025-12-04 23:47,2025-12-05 00:05,LONG,4213.985,4215.375,1.19,18
2025-12-05 00:12,2025-12-05 00:14,LONG,4216.805,4215.625,-1.38,2
2025-12-05 00:17,2025-12-05 00:20,LONG,4216.355,4215.945,-0.61,3
2025-12-05 00:26,2025-12-05 01:02,LONG,4217.415,4219.685,2.07,36
2025-12-05 01:04,2025-12-05 01:31,LONG,4220.755,4225.325,4.37,27
2025-12-05 01:36,2025-12-05 01:42,LONG,4227.705,4226.235,-1.67,6
2025-12-05 01:58,2025-12-05 02:00,LONG,4225.375,4224.405,-1.17,2
2025-12-05 02:01,2025-12-05 02:21,LONG,4226.655,4227.095,0.24,20
2025-12-05 02:22,2025-12-05 02:23,LONG,4227.945,4226.935,-1.21,1
2025-12-05 02:27,2025-12-05 02:32,LONG,4228.125,4226.415,-1.91,5
2025-12-05 03:09,2025-12-05 03:20,SHORT,4221.875,4223.675,-2.0,11
2025-12-05 03:30,2025-12-05 03:36,SHORT,4222.655,4225.505,-3.05,6
2025-12-05 03:41,2025-12-05 03:43,SHORT,4223.555,4224.195,-0.84,2
2025-12-05 03:44,2025-12-05 04:23,SHORT,4222.985,4219.355,3.43,39
2025-12-05 05:01,2025-12-05 05:13,LONG,4225.245,4223.905,-1.54,12
2025-12-05 05:21,2025-12-05 05:22,LONG,4224.885,4224.145,-0.94,1
2025-12-05 05:23,2025-12-05 05:30,LONG,4224.915,4223.925,-1.19,7
2025-12-05 05:55,2025-12-05 06:00,LONG,4224.255,4222.758,-1.697,5
2025-12-05 06:47,2025-12-05 06:51,SHORT,4221.835,4222.775,-1.14,4
2025-12-05 07:17,2025-12-05 07:22,LONG,4228.145,4224.515,-3.83,5
2025-12-05 07:43,2025-12-05 08:04,LONG,4225.205,4225.265,-0.14,21
2025-12-05 08:13,2025-12-05 08:43,LONG,4227.265,4231.975,4.51,30
2025-12-05 08:53,2025-12-05 09:02,LONG,4234.455,4233.405,-1.25,9
2025-12-05 09:04,2025-12-05 09:06,LONG,4235.465,4233.475,-2.19,2
2025-12-05 09:09,2025-12-05 09:18,LONG,4236.195,4233.975,-2.42,9
2025-12-05 09:42,2025-12-05 10:02,LONG,4232.578,4239.815,7.037,20
2025-12-05 10:15,2025-12-05 10:47,LONG,4239.675,4250.435,10.56,32
2025-12-07 19:05,2025-12-07 19:07,SHORT,4199.625,4202.885,-3.46,2
2025-12-07 19:19,2025-12-07 19:25,SHORT,4203.375,4207.085,-3.91,6
2025-12-07 19:53,2025-12-07 19:54,SHORT,4208.485,4209.145,-0.86,1
2025-12-07 20:01,2025-12-07 20:16,SHORT,4203.485,4206.685,-3.4,15
2025-12-07 20:18,2025-12-07 20:19,SHORT,4204.615,4206.815,-2.4,1
2025-12-07 20:32,2025-12-07 21:04,SHORT,4206.985,4201.645,5.14,32
2025-12-07 21:05,2025-12-07 21:14,SHORT,4200.155,4201.015,-1.06,9
2025-12-07 21:16,2025-12-07 21:18,SHORT,4199.225,4201.865,-2.84,2
2025-12-07 22:09,2025-12-07 22:25,LONG,4209.115,4210.325,1.01,16
2025-12-07 22:34,2025-12-07 22:36,LONG,4210.545,4208.195,-2.55,2
2025-12-07 22:55,2025-12-07 23:21,LONG,4209.505,4209.005,-0.7,26
2025-12-07 23:26,2025-12-07 23:28,LONG,4209.945,4209.775,-0.37,2
2025-12-07 23:32,2025-12-07 23:42,LONG,4210.975,4210.735,-0.44,10
2025-12-08 00:17,2025-12-08 00:24,SHORT,4208.185,4208.175,-0.19,7
2025-12-08 00:25,2025-12-08 00:31,SHORT,4206.545,4208.205,-1.86,6
2025-12-08 00:53,2025-12-08 01:08,LONG,4215.445,4213.495,-2.15,15
2025-12-08 01:23,2025-12-08 01:42,LONG,4217.375,4215.345,-2.23,19
2025-12-08 01:49,2025-12-08 01:50,LONG,4216.975,4216.325,-0.85,1
2025-12-08 01:56,2025-12-08 02:01,LONG,4216.785,4215.455,-1.53,5
2025-12-08 02:31,2025-12-08 02:32,SHORT,4213.845,4215.115,-1.47,1
2025-12-08 02:39,2025-12-08 03:05,SHORT,4212.095,4210.415,1.48,26
2025-12-08 03:28,2025-12-08 03:42,SHORT,4211.585,4208.735,2.65,14
2025-12-08 03:57,2025-12-08 04:13,SHORT,4207.925,4210.195,-2.47,16
2025-12-08 04:23,2025-12-08 04:26,SHORT,4206.735,4209.385,-2.85,3
2025-12-08 04:37,2025-12-08 04:51,SHORT,4207.655,4210.075,-2.62,14
2025-12-08 04:59,2025-12-08 05:07,SHORT,4207.448,4209.765,-2.517,8
2025-12-08 05:14,2025-12-08 05:27,SHORT,4208.885,4209.575,-0.89,13
2025-12-08 05:28,2025-12-08 05:39,SHORT,4207.498,4207.345,-0.047,11
2025-12-08 05:46,2025-12-08 05:57,SHORT,4206.125,4206.215,-0.29,11
2025-12-08 05:58,2025-12-08 06:11,SHORT,4204.015,4203.385,0.43,13
2025-12-08 07:04,2025-12-08 07:10,LONG,4212.215,4210.495,-1.92,6
2025-12-08 07:13,2025-12-08 07:19,LONG,4211.605,4210.995,-0.81,6
2025-12-08 07:29,2025-12-08 07:46,LONG,4212.155,4211.155,-1.2,17
2025-12-08 07:48,2025-12-08 07:50,LONG,4212.665,4211.645,-1.22,2
2025-12-08 07:51,2025-12-08 07:57,LONG,4212.345,4212.205,-0.34,6
2025-12-08 07:59,2025-12-08 08:01,LONG,4212.665,4208.345,-4.52,2
2025-12-08 08:17,2025-12-08 08:46,SHORT,4208.255,4205.515,2.54,29
2025-12-08 08:52,2025-12-08 09:05,SHORT,4198.725,4202.155,-3.63,13
2025-12-08 09:59,2025-12-08 10:20,SHORT,4197.145,4186.135,10.81,21
2025-12-08 10:36,2025-12-08 10:39,SHORT,4187.555,4191.855,-4.5,3
2025-12-08 10:40,2025-12-08 11:15,SHORT,4189.535,4183.785,5.55,35
2025-12-08 12:50,2025-12-08 13:05,LONG,4191.515,4192.045,0.33,15
2025-12-08 13:55,2025-12-08 14:18,SHORT,4189.225,4187.055,1.97,23
2025-12-08 14:29,2025-12-08 14:30,SHORT,4185.975,4187.695,-1.92,1
2025-12-08 14:33,2025-12-08 14:35,SHORT,4186.035,4188.295,-2.46,2
2025-12-08 15:04,2025-12-08 15:08,SHORT,4186.115,4186.965,-1.05,4
2025-12-08 15:31,2025-12-08 15:51,LONG,4190.495,4193.005,2.31,20
2025-12-08 16:04,2025-12-08 16:07,LONG,4192.905,4192.035,-1.07,3
2025-12-08 16:21,2025-12-08 16:27,LONG,4191.835,4191.045,-0.99,6
2025-12-08 18:18,2025-12-08 18:36,LONG,4191.555,4191.875,0.12,18
2025-12-08 18:39,2025-12-08 18:50,LONG,4192.805,4193.285,0.28,11
2025-12-08 18:55,2025-12-08 19:09,LONG,4194.015,4193.395,-0.82,14
2025-12-08 19:22,2025-12-08 19:28,LONG,4193.825,4193.065,-0.96,6
2025-12-08 19:55,2025-12-08 20:03,SHORT,4191.615,4194.395,-2.98,8
2025-12-08 20:46,2025-12-08 20:47,LONG,4195.605,4194.085,-1.72,1
2025-12-08 20:51,2025-12-08 21:01,LONG,4195.795,4194.905,-1.09,10
2025-12-08 21:05,2025-12-08 21:07,LONG,4196.148,4195.115,-1.233,2
2025-12-08 21:08,2025-12-08 21:10,LONG,4196.145,4194.745,-1.6,2
2025-12-08 21:46,2025-12-08 21:54,SHORT,4187.995,4189.525,-1.73,8
2025-12-08 22:52,2025-12-08 23:00,LONG,4195.505,4194.295,-1.41,8
2025-12-08 23:13,2025-12-08 23:27,LONG,4194.015,4193.775,-0.44,14
2025-12-08 23:32,2025-12-08 23:35,LONG,4195.255,4193.935,-1.52,3
2025-12-09 00:16,2025-12-09 00:26,SHORT,4184.675,4185.915,-1.44,10
2025-12-09 00:31,2025-12-09 01:18,SHORT,4182.545,4176.285,6.06,47
2025-12-09 01:22,2025-12-09 01:23,SHORT,4174.655,4175.895,-1.44,1
2025-12-09 02:02,2025-12-09 02:15,LONG,4183.215,4182.575,-0.84,13
2025-12-09 02:45,2025-12-09 02:51,SHORT,4179.475,4180.665,-1.39,6
2025-12-09 03:33,2025-12-09 03:35,LONG,4187.448,4185.978,-1.67,2
2025-12-09 03:36,2025-12-09 04:30,LONG,4187.675,4206.945,19.07,54
2025-12-09 04:53,2025-12-09 04:55,LONG,4204.665,4202.745,-2.12,2
2025-12-09 05:02,2025-12-09 05:08,LONG,4204.345,4202.375,-2.17,6
2025-12-09 05:12,2025-12-09 05:26,LONG,4205.515,4205.405,-0.31,14
2025-12-09 05:51,2025-12-09 06:05,LONG,4203.425,4202.685,-0.94,14
2025-12-09 06:07,2025-12-09 06:10,LONG,4204.465,4203.095,-1.57,3
2025-12-09 06:42,2025-12-09 06:55,LONG,4205.085,4205.005,-0.28,13
2025-12-09 07:06,2025-12-09 07:09,LONG,4204.745,4202.635,-2.31,3
2025-12-09 07:43,2025-12-09 07:46,SHORT,4201.845,4202.695,-1.05,3
2025-12-09 08:03,2025-12-09 08:14,LONG,4207.085,4203.755,-3.53,11
2025-12-09 08:19,2025-12-09 08:21,LONG,4206.085,4202.295,-3.99,2
2025-12-09 09:03,2025-12-09 09:30,SHORT,4200.505,4193.385,6.92,27
2025-12-09 10:56,2025-12-09 11:19,LONG,4204.915,4212.905,7.79,23
2025-12-09 11:31,2025-12-09 11:54,LONG,4216.025,4213.945,-2.28,23
2025-12-09 12:50,2025-12-09 13:11,SHORT,4206.365,4204.475,1.69,21
2025-12-09 13:34,2025-12-09 13:44,SHORT,4203.965,4206.415,-2.65,10
2025-12-09 13:45,2025-12-09 13:50,SHORT,4205.545,4206.505,-1.16,5
2025-12-09 13:52,2025-12-09 13:53,SHORT,4205.185,4206.345,-1.36,1
2025-12-09 14:35,2025-12-09 14:43,LONG,4209.965,4208.755,-1.41,8
2025-12-09 14:44,2025-12-09 14:46,LONG,4209.295,4207.375,-2.12,2
2025-12-09 14:52,2025-12-09 15:08,LONG,4210.655,4212.465,1.61,16
2025-12-09 15:11,2025-12-09 15:18,LONG,4213.795,4213.008,-0.987,7
2025-12-09 15:39,2025-12-09 15:43,LONG,4211.515,4210.155,-1.56,4
2025-12-09 15:46,2025-12-09 15:57,LONG,4211.385,4211.665,0.08,11
2025-12-09 15:59,2025-12-09 16:01,LONG,4212.225,4211.435,-0.99,2
2025-12-09 16:08,2025-12-09 16:11,LONG,4212.435,4211.415,-1.22,3
2025-12-09 16:45,2025-12-09 16:47,SHORT,4208.565,4209.465,-1.1,2
2025-12-09 16:49,2025-12-09 16:50,SHORT,4208.955,4209.235,-0.48,1
2025-12-09 16:51,2025-12-09 18:02,SHORT,4208.455,4209.575,-1.32,11
2025-12-09 18:11,2025-12-09 18:13,SHORT,4208.335,4208.915,-0.78,2
2025-12-09 18:14,2025-12-09 18:18,SHORT,4208.515,4209.815,-1.5,4
2025-12-09 18:21,2025-12-09 18:27,SHORT,4208.095,4209.605,-1.71,6
2025-12-09 18:43,2025-12-09 18:55,LONG,4210.605,4209.518,-1.287,12
2025-12-09 19:02,2025-12-09 19:04,LONG,4212.365,4209.965,-2.6,2
2025-12-09 20:04,2025-12-09 20:05,SHORT,4206.995,4209.185,-2.39,1
2025-12-09 20:30,2025-12-09 20:35,LONG,4216.625,4214.575,-2.25,5
2025-12-09 20:54,2025-12-09 21:01,LONG,4214.895,4213.475,-1.62,7
2025-12-09 21:03,2025-12-09 21:16,LONG,4215.455,4213.475,-2.18,13
2025-12-09 21:31,2025-12-09 21:51,LONG,4215.135,4215.685,0.35,20
2025-12-09 21:54,2025-12-09 21:55,LONG,4216.645,4215.715,-1.13,1
2025-12-09 21:57,2025-12-09 22:02,LONG,4216.885,4216.035,-1.05,5
2025-12-09 22:38,2025-12-09 23:03,SHORT,4208.385,4206.275,1.91,25
2025-12-09 23:20,2025-12-09 23:37,SHORT,4206.495,4207.265,-0.97,17
2025-12-09 23:47,2025-12-09 23:58,SHORT,4206.405,4207.125,-0.92,11
2025-12-10 00:07,2025-12-10 00:25,SHORT,4206.125,4203.915,2.01,18
2025-12-10 01:33,2025-12-10 01:42,SHORT,4205.395,4206.475,-1.28,9
2025-12-10 01:56,2025-12-10 01:58,SHORT,4205.555,4206.965,-1.61,2
2025-12-10 02:02,2025-12-10 02:03,SHORT,4205.315,4206.755,-1.64,1
2025-12-10 02:12,2025-12-10 02:19,SHORT,4205.315,4208.435,-3.32,7
2025-12-10 02:25,2025-12-10 02:30,SHORT,4206.275,4207.195,-1.12,5
2025-12-10 03:09,2025-12-10 03:19,SHORT,4203.398,4203.435,-0.237,10
2025-12-10 04:14,2025-12-10 04:29,SHORT,4196.985,4197.875,-1.09,15
2025-12-10 04:35,2025-12-10 05:02,SHORT,4196.315,4195.035,1.08,27
2025-12-10 05:04,2025-12-10 05:12,SHORT,4193.148,4194.425,-1.477,8
2025-12-10 05:23,2025-12-10 05:38,SHORT,4192.965,4192.665,0.1,15
2025-12-10 06:08,2025-12-10 06:12,SHORT,4192.595,4193.295,-0.9,4
2025-12-10 06:34,2025-12-10 06:45,LONG,4195.045,4194.898,-0.347,11
2025-12-10 06:48,2025-12-10 07:19,LONG,4196.075,4199.745,3.47,31
2025-12-10 07:39,2025-12-10 07:40,LONG,4198.448,4197.205,-1.443,1
2025-12-10 07:44,2025-12-10 07:46,LONG,4198.015,4197.055,-1.16,2
2025-12-10 07:49,2025-12-10 07:51,LONG,4197.865,4197.045,-1.02,2
2025-12-10 08:03,2025-12-10 08:13,LONG,4197.365,4194.645,-2.92,10
2025-12-10 08:13,2025-12-10 08:17,SHORT,4194.645,4198.445,-4.0,4
2025-12-10 08:20,2025-12-10 08:24,SHORT,4194.135,4197.085,-3.15,4
2025-12-10 08:38,2025-12-10 08:41,LONG,4197.835,4197.035,-1.0,3
2025-12-10 08:44,2025-12-10 09:00,LONG,4199.825,4200.445,0.42,16
2025-12-10 09:07,2025-12-10 09:19,LONG,4203.535,4202.555,-1.18,12
2025-12-10 09:57,2025-12-10 10:04,SHORT,4194.745,4199.585,-5.04,7
2025-12-10 10:11,2025-12-10 10:12,SHORT,4197.355,4198.845,-1.69,1
2025-12-10 10:14,2025-12-10 10:26,SHORT,4195.065,4194.935,-0.07,12
2025-12-10 10:28,2025-12-10 10:29,SHORT,4193.245,4195.615,-2.57,1
2025-12-10 10:40,2025-12-10 11:00,SHORT,4195.529,4193.575,1.754,20
2025-12-10 11:17,2025-12-10 11:18,SHORT,4193.355,4194.935,-1.78,1
2025-12-10 11:40,2025-12-10 12:03,LONG,4200.875,4202.375,1.3,23
2025-12-10 12:19,2025-12-10 12:30,LONG,4202.025,4200.375,-1.85,11
2025-12-10 12:41,2025-12-10 12:42,LONG,4201.265,4200.145,-1.32,1
2025-12-10 13:08,2025-12-10 13:52,SHORT,4199.185,4194.725,4.26,44
2025-12-10 14:00,2025-12-10 14:01,SHORT,4193.408,4210.298,-17.09,1
2025-12-10 14:35,2025-12-10 14:37,LONG,4209.249,4196.165,-13.284,2
2025-12-10 15:35,2025-12-10 15:36,LONG,4233.615,4229.935,-3.88,1
2025-12-10 15:38,2025-12-10 15:40,LONG,4233.465,4231.105,-2.56,2
2025-12-10 15:43,2025-12-10 15:53,LONG,4232.665,4232.735,-0.13,10
2025-12-10 16:17,2025-12-10 16:20,LONG,4228.185,4226.315,-2.07,3
2025-12-10 16:28,2025-12-10 16:30,LONG,4226.935,4226.065,-1.07,2
2025-12-10 16:33,2025-12-10 16:39,LONG,4227.135,4226.615,-0.72,6
2025-12-10 16:42,2025-12-10 16:53,LONG,4227.055,4227.225,-0.03,11
2025-12-10 16:58,2025-12-10 18:08,LONG,4228.565,4227.565,-1.2,10
2025-12-10 19:32,2025-12-10 19:34,LONG,4242.749,4240.885,-2.064,2
2025-12-10 19:40,2025-12-10 19:47,LONG,4241.945,4240.535,-1.61,7
2025-12-10 20:01,2025-12-10 20:15,LONG,4241.935,4240.055,-2.08,14
2025-12-10 21:55,2025-12-10 22:32,SHORT,4225.375,4213.015,12.16,37
2025-12-10 22:55,2025-12-10 22:59,SHORT,4215.195,4216.635,-1.64,4
2025-12-10 23:01,2025-12-10 23:10,SHORT,4215.055,4216.055,-1.2,9
2025-12-10 23:19,2025-12-10 23:34,SHORT,4215.605,4215.305,0.1,15
2025-12-10 23:38,2025-12-10 23:42,SHORT,4212.535,4214.445,-2.11,4
2025-12-10 23:43,2025-12-10 23:53,SHORT,4212.385,4212.895,-0.71,10
2025-12-11 00:11,2025-12-11 00:30,SHORT,4213.745,4212.015,1.53,19
2025-12-11 00:32,2025-12-11 00:33,SHORT,4210.755,4212.315,-1.76,1
2025-12-11 00:34,2025-12-11 00:54,SHORT,4210.645,4210.375,0.07,20
2025-12-11 00:59,2025-12-11 01:07,SHORT,4207.848,4208.175,-0.527,8
2025-12-11 01:44,2025-12-11 01:49,LONG,4214.155,4213.315,-1.04,5
2025-12-11 01:50,2025-12-11 01:54,LONG,4213.745,4212.175,-1.77,4
2025-12-11 02:00,2025-12-11 02:02,LONG,4214.315,4211.755,-2.76,2
2025-12-11 02:13,2025-12-11 02:17,LONG,4212.805,4211.675,-1.33,4
2025-12-11 02:18,2025-12-11 02:27,LONG,4213.015,4212.165,-1.05,9
2025-12-11 02:28,2025-12-11 02:31,LONG,4213.805,4211.875,-2.13,3
2025-12-11 02:36,2025-12-11 02:54,LONG,4214.445,4215.515,0.87,18
2025-12-11 03:01,2025-12-11 03:02,LONG,4216.415,4214.355,-2.26,1
2025-12-11 03:09,2025-12-11 03:15,LONG,4216.935,4215.185,-1.95,6
2025-12-11 03:19,2025-12-11 03:20,LONG,4216.445,4213.595,-3.05,1
2025-12-11 03:23,2025-12-11 03:26,LONG,4215.955,4214.345,-1.81,3
2025-12-11 03:36,2025-12-11 03:47,LONG,4215.625,4216.225,0.4,11
2025-12-11 03:51,2025-12-11 03:55,LONG,4218.335,4216.335,-2.2,4
2025-12-11 04:41,2025-12-11 04:42,SHORT,4214.415,4215.705,-1.49,1
2025-12-11 06:50,2025-12-11 07:06,SHORT,4212.745,4212.965,-0.42,16
2025-12-11 07:56,2025-12-11 08:03,LONG,4219.135,4216.735,-2.6,7
2025-12-11 08:34,2025-12-11 08:36,SHORT,4210.195,4213.275,-3.28,2
2025-12-11 09:08,2025-12-11 09:20,LONG,4223.545,4224.155,0.41,12
2025-12-11 09:22,2025-12-11 09:49,LONG,4227.235,4233.225,5.79,27
2025-12-11 10:06,2025-12-11 10:29,LONG,4234.155,4237.405,3.05,23
2025-12-11 10:33,2025-12-11 10:58,LONG,4243.848,4250.675,6.627,25
2025-12-11 11:05,2025-12-11 11:08,LONG,4256.148,4251.735,-4.613,3
2025-12-11 11:13,2025-12-11 11:30,LONG,4255.298,4256.975,1.477,17
2025-12-11 11:37,2025-12-11 12:16,LONG,4258.435,4274.735,16.1,39
2025-12-11 12:17,2025-12-11 12:24,LONG,4279.048,4275.755,-3.493,7
2025-12-11 12:26,2025-12-11 12:28,LONG,4279.155,4276.085,-3.27,2
2025-12-11 12:44,2025-12-11 12:49,LONG,4276.448,4274.105,-2.543,5
2025-12-11 12:54,2025-12-11 13:23,LONG,4276.225,4281.465,5.04,29
2025-12-11 13:44,2025-12-11 13:49,LONG,4281.115,4278.685,-2.63,5
2025-12-11 14:44,2025-12-11 15:30,SHORT,4273.205,4268.598,4.407,46
2025-12-11 16:18,2025-12-11 16:56,LONG,4274.365,4279.438,4.873,38
2025-12-11 18:02,2025-12-11 18:16,LONG,4282.075,4281.365,-0.91,14
2025-12-11 18:19,2025-12-11 18:20,LONG,4282.555,4281.105,-1.65,1
2025-12-11 18:31,2025-12-11 18:32,LONG,4280.715,4278.995,-1.92,1
2025-12-11 18:50,2025-12-11 18:53,SHORT,4274.675,4276.898,-2.423,3
2025-12-11 18:57,2025-12-11 19:01,SHORT,4273.998,4276.765,-2.967,4
2025-12-11 19:03,2025-12-11 19:13,SHORT,4273.705,4276.045,-2.54,10
2025-12-11 19:32,2025-12-11 20:11,SHORT,4277.055,4271.295,5.56,39
2025-12-11 20:21,2025-12-11 20:42,SHORT,4268.715,4268.385,0.13,21
2025-12-11 20:55,2025-12-11 21:00,SHORT,4268.275,4270.705,-2.63,5
2025-12-11 21:32,2025-12-11 21:42,LONG,4274.675,4273.995,-0.88,10
2025-12-11 22:53,2025-12-11 23:28,SHORT,4271.155,4268.265,2.69,35
2025-12-11 23:29,2025-12-11 23:30,SHORT,4267.965,4268.285,-0.52,1
2025-12-11 23:31,2025-12-11 23:42,SHORT,4267.915,4267.345,0.37,11
2025-12-11 23:47,2025-12-11 23:50,SHORT,4266.785,4267.855,-1.27,3
2025-12-11 23:57,2025-12-12 00:07,SHORT,4267.095,4267.298,-0.403,10
2025-12-12 00:50,2025-12-12 01:05,LONG,4278.095,4277.915,-0.38,15
2025-12-12 01:20,2025-12-12 02:02,LONG,4278.615,4281.625,2.81,42
2025-12-12 02:04,2025-12-12 02:21,LONG,4282.795,4285.335,2.34,17
2025-12-12 02:27,2025-12-12 02:31,LONG,4286.575,4285.205,-1.57,4
2025-12-12 02:32,2025-12-12 02:40,LONG,4286.965,4285.785,-1.38,8
2025-12-12 02:47,2025-12-12 02:52,LONG,4287.555,4285.758,-1.997,5
2025-12-12 03:00,2025-12-12 03:20,LONG,4286.895,4291.288,4.193,20
2025-12-12 03:25,2025-12-12 04:28,LONG,4293.245,4313.365,19.92,63
2025-12-12 04:45,2025-12-12 05:06,LONG,4311.665,4315.245,3.38,21
2025-12-12 05:11,2025-12-12 05:30,LONG,4317.335,4316.455,-1.08,19
2025-12-12 05:35,2025-12-12 05:57,LONG,4322.785,4326.205,3.22,22
2025-12-12 06:00,2025-12-12 06:01,LONG,4329.645,4326.845,-3.0,1
2025-12-12 06:03,2025-12-12 06:23,LONG,4331.005,4334.485,3.28,20
2025-12-12 06:43,2025-12-12 07:06,LONG,4334.525,4334.645,-0.08,23
2025-12-12 08:31,2025-12-12 08:45,LONG,4342.958,4339.675,-3.483,14
2025-12-12 08:57,2025-12-12 09:17,LONG,4339.065,4339.905,0.64,20
2025-12-12 09:27,2025-12-12 09:31,LONG,4342.455,4335.705,-6.95,4
2025-12-12 09:41,2025-12-12 10:03,LONG,4343.698,4344.955,1.057,22
2025-12-12 10:11,2025-12-12 10:15,LONG,4348.755,4343.059,-5.896,4
2025-12-12 10:52,2025-12-12 11:15,SHORT,4312.355,4286.075,26.08,23
2025-12-12 11:35,2025-12-12 11:48,SHORT,4279.545,4276.965,2.38,13
2025-12-12 12:07,2025-12-12 12:17,SHORT,4274.565,4279.175,-4.81,10
2025-12-12 13:05,2025-12-12 13:23,LONG,4295.755,4297.499,1.544,18
2025-12-12 13:34,2025-12-12 13:43,LONG,4299.765,4296.855,-3.11,9
2025-12-12 13:55,2025-12-12 13:58,LONG,4295.215,4292.155,-3.26,3
2025-12-12 13:59,2025-12-12 14:02,LONG,4295.375,4292.195,-3.38,3
2025-12-12 14:42,2025-12-12 14:43,LONG,4296.365,4295.115,-1.45,1
2025-12-12 14:44,2025-12-12 14:53,LONG,4296.315,4295.325,-1.19,9
2025-12-12 14:55,2025-12-12 14:59,LONG,4296.775,4296.265,-0.71,4
2025-12-12 15:03,2025-12-12 15:18,LONG,4296.685,4297.929,1.044,15
2025-12-12 16:00,2025-12-12 16:11,LONG,4299.135,4298.785,-0.55,11
2025-12-12 16:14,2025-12-12 16:17,LONG,4299.975,4299.095,-1.08,3
2025-12-12 16:18,2025-12-12 16:44,LONG,4299.545,4301.765,2.02,26
2025-12-14 18:05,2025-12-14 18:18,LONG,4302.695,4302.265,-0.63,13
2025-12-14 18:21,2025-12-14 18:40,LONG,4303.198,4303.398,-0.0,19
2025-12-14 18:46,2025-12-14 18:48,LONG,4305.845,4304.825,-1.22,2
2025-12-14 18:55,2025-12-14 18:58,LONG,4305.575,4302.415,-3.36,3
2025-12-14 19:03,2025-12-14 19:05,LONG,4306.185,4303.055,-3.33,2
2025-12-14 19:55,2025-12-14 20:12,LONG,4305.455,4306.245,0.59,17
2025-12-14 20:14,2025-12-14 21:13,LONG,4311.595,4321.805,10.01,59
2025-12-14 21:28,2025-12-14 21:51,LONG,4323.305,4326.005,2.5,23
2025-12-14 22:02,2025-12-14 22:12,LONG,4327.885,4326.295,-1.79,10
2025-12-14 22:50,2025-12-14 22:51,LONG,4327.285,4326.865,-0.62,1
2025-12-14 22:52,2025-12-14 22:54,LONG,4327.175,4326.675,-0.7,2
2025-12-14 23:06,2025-12-14 23:27,LONG,4326.975,4327.075,-0.1,21
2025-12-14 23:49,2025-12-14 23:50,SHORT,4324.975,4326.005,-1.23,1
2025-12-14 23:59,2025-12-15 00:03,SHORT,4325.885,4326.845,-1.16,4
2025-12-15 00:10,2025-12-15 00:17,SHORT,4326.005,4326.885,-1.08,7
2025-12-15 01:15,2025-12-15 01:31,LONG,4342.745,4342.725,-0.22,16
2025-12-15 01:32,2025-12-15 01:35,LONG,4343.395,4343.085,-0.51,3
2025-12-15 01:37,2025-12-15 01:54,LONG,4344.505,4344.685,-0.02,17
2025-12-15 02:18,2025-12-15 02:33,LONG,4343.575,4342.595,-1.18,15
2025-12-15 03:00,2025-12-15 03:02,SHORT,4338.975,4340.698,-1.923,2
2025-12-15 03:03,2025-12-15 03:05,SHORT,4338.635,4340.515,-2.08,2
2025-12-15 04:12,2025-12-15 04:21,LONG,4346.585,4346.315,-0.47,9
2025-12-15 04:29,2025-12-15 04:37,LONG,4347.015,4345.345,-1.87,8
2025-12-15 05:13,2025-12-15 05:19,SHORT,4342.955,4344.225,-1.47,6
2025-12-15 05:31,2025-12-15 05:48,SHORT,4341.495,4340.675,0.62,17
2025-12-15 05:58,2025-12-15 06:13,SHORT,4339.479,4338.495,0.784,15
2025-12-15 06:18,2025-12-15 06:20,SHORT,4335.835,4338.415,-2.78,2
2025-12-15 06:38,2025-12-15 06:40,SHORT,4339.345,4340.505,-1.36,2
2025-12-15 06:44,2025-12-15 06:48,SHORT,4339.545,4340.935,-1.59,4
2025-12-15 07:11,2025-12-15 07:17,LONG,4344.255,4343.355,-1.1,6
2025-12-15 07:19,2025-12-15 07:22,LONG,4344.015,4343.215,-1.0,3
2025-12-15 07:24,2025-12-15 07:40,LONG,4344.085,4345.205,0.92,16
2025-12-15 07:52,2025-12-15 07:58,LONG,4346.635,4343.815,-3.02,6
2025-12-15 08:36,2025-12-15 08:39,SHORT,4337.155,4340.845,-3.89,3
2025-12-15 08:45,2025-12-15 08:46,SHORT,4338.165,4340.135,-2.17,1
2025-12-15 08:55,2025-12-15 09:35,SHORT,4339.545,4326.595,12.75,40
2025-12-15 09:48,2025-12-15 10:08,SHORT,4325.005,4323.625,1.18,20
2025-12-15 10:20,2025-12-15 10:23,SHORT,4314.045,4326.515,-12.67,3
2025-12-15 10:25,2025-12-15 10:33,SHORT,4318.555,4320.455,-2.1,8
2025-12-15 10:40,2025-12-15 10:42,SHORT,4319.025,4321.065,-2.24,2
2025-12-15 10:58,2025-12-15 11:45,SHORT,4320.245,4296.355,23.69,47
2025-12-15 12:02,2025-12-15 12:12,SHORT,4295.375,4298.775,-3.6,10
2025-12-15 12:17,2025-12-15 12:23,SHORT,4295.565,4297.675,-2.31,6
2025-12-15 12:55,2025-12-15 12:58,LONG,4304.325,4303.275,-1.25,3
2025-12-15 13:00,2025-12-15 13:02,LONG,4304.245,4301.565,-2.88,2
2025-12-15 13:09,2025-12-15 13:13,LONG,4303.835,4302.025,-2.01,4
2025-12-15 13:19,2025-12-15 13:23,LONG,4304.185,4302.045,-2.34,4
2025-12-15 13:30,2025-12-15 13:53,LONG,4305.335,4308.845,3.31,23
2025-12-15 13:54,2025-12-15 14:11,LONG,4309.565,4313.438,3.673,17
2025-12-15 14:20,2025-12-15 14:21,LONG,4313.925,4313.008,-1.117,1
2025-12-15 14:43,2025-12-15 15:02,LONG,4310.585,4311.745,0.96,19
2025-12-15 15:09,2025-12-15 15:10,LONG,4313.075,4312.558,-0.717,1
2025-12-15 15:58,2025-12-15 16:13,SHORT,4304.875,4304.885,-0.21,15
2025-12-15 16:19,2025-12-15 16:21,SHORT,4303.305,4304.435,-1.33,2
2025-12-15 16:24,2025-12-15 16:31,SHORT,4303.285,4303.975,-0.89,7
2025-12-15 16:35,2025-12-15 16:51,SHORT,4303.268,4302.438,0.63,16
2025-12-15 16:52,2025-12-15 16:54,SHORT,4302.058,4304.258,-2.4,2
2025-12-15 18:10,2025-12-15 18:16,SHORT,4305.398,4306.788,-1.59,6
2025-12-15 18:16,2025-12-15 18:30,LONG,4306.788,4307.298,0.31,14
2025-12-15 18:36,2025-12-15 18:38,LONG,4307.565,4306.945,-0.82,2
2025-12-15 18:56,2025-12-15 18:57,LONG,4306.535,4305.665,-1.07,1
2025-12-15 19:23,2025-12-15 19:26,LONG,4306.945,4306.065,-1.08,3
2025-12-15 19:27,2025-12-15 19:50,LONG,4308.005,4309.295,1.09,23
2025-12-15 20:48,2025-12-15 20:50,LONG,4314.965,4311.655,-3.51,2
2025-12-15 21:04,2025-12-15 21:23,LONG,4310.825,4308.865,-2.16,19
2025-12-15 21:28,2025-12-15 21:34,LONG,4310.735,4309.775,-1.16,6
2025-12-15 21:48,2025-12-15 22:26,SHORT,4306.915,4287.035,19.68,38
2025-12-15 22:38,2025-12-15 22:49,SHORT,4285.695,4287.555,-2.06,11
2025-12-15 23:04,2025-12-15 23:22,SHORT,4287.405,4288.445,-1.24,18
2025-12-15 23:44,2025-12-15 23:49,SHORT,4289.535,4290.175,-0.84,5
2025-12-15 23:50,2025-12-16 00:03,SHORT,4289.305,4289.175,-0.07,13
2025-12-16 00:05,2025-12-16 00:06,SHORT,4288.335,4290.015,-1.88,1
2025-12-16 00:12,2025-12-16 00:43,SHORT,4287.875,4278.735,8.94,31
2025-12-16 01:34,2025-12-16 01:51,LONG,4288.875,4289.455,0.38,17
2025-12-16 03:40,2025-12-16 03:42,SHORT,4277.265,4280.135,-3.07,2
2025-12-16 04:43,2025-12-16 04:45,SHORT,4281.555,4282.515,-1.16,2
2025-12-16 04:46,2025-12-16 05:00,SHORT,4281.275,4280.275,0.8,14
2025-12-16 05:09,2025-12-16 05:21,SHORT,4278.535,4279.295,-0.96,12
2025-12-16 05:30,2025-12-16 05:44,SHORT,4277.505,4277.955,-0.65,14
2025-12-16 05:52,2025-12-16 06:02,SHORT,4277.325,4278.148,-1.023,10
2025-12-16 06:04,2025-12-16 06:22,SHORT,4275.765,4276.835,-1.27,18
2025-12-16 06:27,2025-12-16 06:29,SHORT,4274.185,4277.265,-3.28,2
2025-12-16 06:40,2025-12-16 06:51,SHORT,4276.915,4276.825,-0.11,11
2025-12-16 07:42,2025-12-16 08:03,LONG,4291.435,4291.675,0.04,21
2025-12-16 08:07,2025-12-16 08:18,LONG,4293.965,4294.425,0.26,11
2025-12-16 08:21,2025-12-16 08:45,LONG,4297.878,4304.025,5.947,24
2025-12-16 09:48,2025-12-16 10:00,LONG,4328.975,4324.305,-4.87,12
2025-12-16 10:05,2025-12-16 10:14,LONG,4329.378,4324.665,-4.913,9
2025-12-16 10:46,2025-12-16 10:56,LONG,4325.475,4323.375,-2.3,10
2025-12-16 11:29,2025-12-16 11:48,SHORT,4307.865,4298.625,9.04,19
2025-12-16 12:26,2025-12-16 12:32,SHORT,4302.935,4305.885,-3.15,6
2025-12-16 12:41,2025-12-16 12:47,SHORT,4303.315,4305.585,-2.47,6
2025-12-16 12:51,2025-12-16 12:55,SHORT,4303.905,4305.515,-1.81,4
2025-12-16 12:56,2025-12-16 13:08,SHORT,4303.295,4305.215,-2.12,12
2025-12-16 13:12,2025-12-16 13:26,SHORT,4300.855,4302.965,-2.31,14
2025-12-16 14:17,2025-12-16 14:26,LONG,4308.115,4303.415,-4.9,9
2025-12-16 14:32,2025-12-16 14:57,LONG,4308.125,4310.848,2.523,25
2025-12-16 15:06,2025-12-16 15:14,LONG,4312.885,4311.505,-1.58,8
2025-12-16 15:26,2025-12-16 15:32,LONG,4311.055,4309.725,-1.53,6
2025-12-16 15:44,2025-12-16 15:51,LONG,4310.435,4308.405,-2.23,7
2025-12-16 15:51,2025-12-16 16:30,SHORT,4308.405,4301.955,6.25,39
2025-12-16 16:32,2025-12-16 16:34,SHORT,4301.195,4301.615,-0.62,2
2025-12-16 16:53,2025-12-16 18:03,SHORT,4302.625,4303.438,-1.013,10
2025-12-16 19:01,2025-12-16 19:31,LONG,4307.985,4312.245,4.06,30
2025-12-16 19:39,2025-12-16 19:45,LONG,4313.585,4312.325,-1.46,6
2025-12-16 19:50,2025-12-16 20:00,LONG,4313.365,4312.895,-0.67,10
2025-12-16 20:01,2025-12-16 20:03,LONG,4315.365,4312.865,-2.7,2
2025-12-16 20:04,2025-12-16 20:21,LONG,4314.725,4314.435,-0.49,17
2025-12-16 20:30,2025-12-16 21:04,LONG,4316.815,4323.285,6.27,34
2025-12-16 21:19,2025-12-16 21:22,LONG,4323.085,4320.405,-2.88,3
2025-12-16 21:31,2025-12-16 21:32,LONG,4322.535,4319.855,-2.88,1
2025-12-16 22:10,2025-12-16 22:17,SHORT,4314.275,4316.995,-2.92,7
2025-12-16 23:10,2025-12-16 23:21,LONG,4323.445,4323.555,-0.09,11
2025-12-16 23:39,2025-12-17 00:02,LONG,4326.285,4328.358,1.873,23
2025-12-17 00:07,2025-12-17 00:08,LONG,4330.125,4328.505,-1.82,1
2025-12-17 00:10,2025-12-17 00:29,LONG,4331.485,4332.005,0.32,19
2025-12-17 00:36,2025-12-17 00:53,LONG,4336.265,4337.415,0.95,17
2025-12-17 01:10,2025-12-17 01:18,LONG,4335.655,4334.775,-1.08,8
2025-12-17 01:19,2025-12-17 01:20,LONG,4335.775,4334.925,-1.05,1
2025-12-17 01:51,2025-12-17 02:29,SHORT,4327.985,4322.945,4.84,38
2025-12-17 02:40,2025-12-17 03:01,SHORT,4321.755,4318.715,2.84,21
2025-12-17 03:02,2025-12-17 03:03,SHORT,4317.565,4319.225,-1.86,1
2025-12-17 03:04,2025-12-17 03:20,SHORT,4316.355,4315.945,0.21,16
2025-12-17 03:36,2025-12-17 03:38,SHORT,4314.895,4316.175,-1.48,2
2025-12-17 03:45,2025-12-17 03:49,SHORT,4314.945,4318.025,-3.28,4
2025-12-17 04:19,2025-12-17 04:21,LONG,4321.335,4319.055,-2.48,2
2025-12-17 04:28,2025-12-17 04:35,LONG,4321.015,4320.095,-1.12,7
2025-12-17 04:43,2025-12-17 04:45,LONG,4320.365,4319.135,-1.43,2
2025-12-17 04:46,2025-12-17 04:49,LONG,4320.815,4319.629,-1.386,3
2025-12-17 04:52,2025-12-17 04:56,LONG,4320.878,4319.295,-1.783,4
2025-12-17 05:46,2025-12-17 05:47,SHORT,4313.135,4315.865,-2.93,1
2025-12-17 06:11,2025-12-17 06:16,SHORT,4317.389,4319.095,-1.906,5
2025-12-17 06:31,2025-12-17 06:33,LONG,4317.948,4316.085,-2.063,2
2025-12-17 06:42,2025-12-17 06:50,SHORT,4316.445,4317.605,-1.36,8
2025-12-17 06:57,2025-12-17 07:05,SHORT,4316.215,4317.155,-1.14,8
2025-12-17 07:09,2025-12-17 07:16,SHORT,4316.545,4317.575,-1.23,7
2025-12-17 08:52,2025-12-17 09:11,LONG,4338.695,4339.225,0.33,19
2025-12-17 09:27,2025-12-17 10:19,LONG,4330.948,4336.715,5.567,52
2025-12-17 10:24,2025-12-17 10:25,LONG,4342.285,4339.098,-3.387,1
2025-12-17 10:29,2025-12-17 10:37,LONG,4343.235,4336.505,-6.93,8
2025-12-17 11:19,2025-12-17 11:30,SHORT,4324.438,4326.505,-2.267,11
2025-12-17 11:58,2025-12-17 12:01,LONG,4334.235,4332.385,-2.05,3
2025-12-17 12:11,2025-12-17 12:46,LONG,4333.605,4338.615,4.81,35
2025-12-17 12:50,2025-12-17 12:51,LONG,4339.825,4337.735,-2.29,1
2025-12-17 12:58,2025-12-17 13:15,LONG,4340.845,4342.915,1.87,17
2025-12-17 13:31,2025-12-17 13:34,LONG,4342.825,4339.275,-3.75,3
2025-12-17 15:39,2025-12-17 15:40,LONG,4340.715,4340.245,-0.67,1
2025-12-17 15:41,2025-12-17 15:54,LONG,4341.285,4339.755,-1.73,13
2025-12-17 16:05,2025-12-17 16:29,LONG,4343.025,4344.445,1.22,24
2025-12-17 18:05,2025-12-17 18:21,SHORT,4338.748,4337.415,1.133,16
2025-12-17 18:25,2025-12-17 18:28,SHORT,4337.205,4338.325,-1.32,3
2025-12-17 19:43,2025-12-17 20:01,SHORT,4337.645,4335.945,1.5,18
2025-12-17 20:03,2025-12-17 20:35,SHORT,4333.775,4326.965,6.61,32
2025-12-17 20:37,2025-12-17 20:40,SHORT,4325.635,4326.585,-1.15,3
2025-12-17 20:46,2025-12-17 20:49,SHORT,4324.805,4326.805,-2.2,3
2025-12-17 21:12,2025-12-17 21:17,SHORT,4331.095,4333.235,-2.34,5
2025-12-17 22:06,2025-12-17 22:07,LONG,4332.895,4331.925,-1.17,1
2025-12-17 22:08,2025-12-17 22:25,LONG,4333.585,4332.515,-1.27,17
2025-12-17 22:32,2025-12-17 22:37,LONG,4335.175,4333.495,-1.88,5
2025-12-17 22:43,2025-12-17 22:45,LONG,4334.415,4331.995,-2.62,2
2025-12-17 23:02,2025-12-17 23:08,SHORT,4332.705,4333.025,-0.52,6
2025-12-17 23:09,2025-12-17 23:24,SHORT,4332.485,4331.415,0.87,15
2025-12-17 23:30,2025-12-17 23:36,SHORT,4330.225,4331.145,-1.12,6
2025-12-17 23:37,2025-12-17 23:48,SHORT,4329.565,4330.565,-1.2,11
2025-12-18 00:27,2025-12-18 00:31,LONG,4336.035,4334.725,-1.51,4
2025-12-18 00:44,2025-12-18 00:55,LONG,4336.425,4333.935,-2.69,11
2025-12-18 02:02,2025-12-18 02:05,SHORT,4333.205,4334.465,-1.46,3
2025-12-18 02:57,2025-12-18 02:58,LONG,4333.575,4333.025,-0.75,1
2025-12-18 03:29,2025-12-18 03:38,SHORT,4326.598,4327.935,-1.537,9
2025-12-18 03:44,2025-12-18 03:45,SHORT,4327.025,4328.235,-1.41,1
2025-12-18 03:53,2025-12-18 04:05,SHORT,4327.215,4328.125,-1.11,12
2025-12-18 04:10,2025-12-18 04:17,SHORT,4326.145,4327.105,-1.16,7
2025-12-18 04:22,2025-12-18 04:33,SHORT,4325.655,4326.615,-1.16,11
2025-12-18 04:35,2025-12-18 04:47,SHORT,4324.445,4323.935,0.31,12
2025-12-18 04:49,2025-12-18 05:00,SHORT,4323.075,4323.245,-0.37,11
2025-12-18 05:21,2025-12-18 05:23,SHORT,4323.775,4324.805,-1.23,2
2025-12-18 05:24,2025-12-18 05:25,SHORT,4324.225,4324.565,-0.54,1
2025-12-18 05:26,2025-12-18 05:36,SHORT,4323.955,4324.965,-1.21,10
2025-12-18 06:42,2025-12-18 06:55,LONG,4326.405,4326.015,-0.59,13
2025-12-18 07:59,2025-12-18 08:01,SHORT,4321.275,4323.045,-1.97,2
2025-12-18 08:04,2025-12-18 08:17,SHORT,4321.175,4320.195,0.78,13
2025-12-18 09:03,2025-12-18 09:12,LONG,4339.955,4336.145,-4.01,9
2025-12-18 09:19,2025-12-18 09:20,LONG,4337.485,4335.658,-2.027,1
2025-12-18 09:32,2025-12-18 09:36,LONG,4338.045,4329.805,-8.44,4
2025-12-18 10:15,2025-12-18 10:25,SHORT,4330.455,4331.975,-1.72,10
2025-12-18 10:49,2025-12-18 10:52,LONG,4339.925,4337.375,-2.75,3
2025-12-18 10:53,2025-12-18 10:54,LONG,4338.935,4336.265,-2.87,1
2025-12-18 11:01,2025-12-18 11:31,LONG,4337.755,4365.475,27.52,30
2025-12-18 11:37,2025-12-18 11:43,LONG,4370.375,4367.405,-3.17,6
2025-12-18 12:49,2025-12-18 13:00,SHORT,4334.745,4333.135,1.41,11
2025-12-18 13:20,2025-12-18 13:33,SHORT,4333.285,4336.525,-3.44,13
2025-12-18 14:03,2025-12-18 14:09,SHORT,4329.115,4330.445,-1.53,6
2025-12-18 14:14,2025-12-18 14:17,SHORT,4328.385,4330.605,-2.42,3
2025-12-18 14:27,2025-12-18 14:29,SHORT,4329.785,4332.385,-2.8,2
2025-12-18 14:38,2025-12-18 15:01,SHORT,4330.415,4327.895,2.32,23
2025-12-18 16:32,2025-12-18 16:46,SHORT,4331.375,4331.875,-0.7,14
2025-12-18 18:00,2025-12-18 18:01,SHORT,4331.698,4333.898,-2.4,1
2025-12-18 18:23,2025-12-18 18:29,LONG,4335.848,4333.888,-2.16,6
2025-12-18 18:41,2025-12-18 18:43,LONG,4334.855,4333.815,-1.24,2
2025-12-18 18:48,2025-12-18 19:00,LONG,4334.695,4334.845,-0.05,12
2025-12-18 19:41,2025-12-18 19:53,SHORT,4330.665,4329.525,0.94,12
2025-12-18 20:00,2025-12-18 20:12,SHORT,4325.875,4326.255,-0.58,12
2025-12-18 20:21,2025-12-18 20:39,SHORT,4323.665,4317.135,6.33,18
2025-12-18 21:14,2025-12-18 21:30,SHORT,4323.985,4324.365,-0.58,16
2025-12-18 21:30,2025-12-18 21:36,LONG,4324.365,4320.145,-4.42,6
2025-12-18 22:00,2025-12-18 22:09,SHORT,4316.455,4316.105,0.15,9
2025-12-18 22:22,2025-12-18 22:26,SHORT,4314.158,4317.345,-3.387,4
2025-12-18 22:38,2025-12-18 22:46,SHORT,4317.235,4319.915,-2.88,8
2025-12-18 22:49,2025-12-18 22:54,SHORT,4318.635,4319.695,-1.26,5
2025-12-19 00:28,2025-12-19 00:57,LONG,4319.495,4325.305,5.61,29
2025-12-19 01:04,2025-12-19 01:14,LONG,4326.285,4325.565,-0.92,10
2025-12-19 01:15,2025-12-19 01:31,LONG,4327.185,4325.885,-1.5,16
2025-12-19 01:51,2025-12-19 02:01,LONG,4324.865,4323.535,-1.53,10
2025-12-19 02:11,2025-12-19 02:20,LONG,4325.395,4324.705,-0.89,9
2025-12-19 02:28,2025-12-19 02:40,LONG,4326.085,4326.458,0.173,12
2025-12-19 03:13,2025-12-19 03:17,SHORT,4322.375,4324.115,-1.94,4
2025-12-19 03:51,2025-12-19 03:57,LONG,4327.915,4326.595,-1.52,6
2025-12-19 04:12,2025-12-19 04:31,LONG,4326.235,4326.155,-0.28,19
2025-12-19 04:33,2025-12-19 04:35,LONG,4327.695,4326.385,-1.51,2
2025-12-19 04:41,2025-12-19 04:53,LONG,4328.225,4328.735,0.31,12
2025-12-19 05:01,2025-12-19 05:18,LONG,4329.825,4328.685,-1.34,17
2025-12-19 06:04,2025-12-19 06:05,SHORT,4327.275,4328.255,-1.18,1
2025-12-19 06:06,2025-12-19 06:18,SHORT,4327.315,4327.845,-0.73,12
2025-12-19 06:24,2025-12-19 06:31,SHORT,4326.385,4327.655,-1.47,7
2025-12-19 06:32,2025-12-19 06:42,SHORT,4326.835,4326.815,-0.18,10
2025-12-19 07:27,2025-12-19 07:28,SHORT,4323.425,4326.435,-3.21,1
2025-12-19 07:33,2025-12-19 07:36,SHORT,4324.675,4325.075,-0.6,3
2025-12-19 07:49,2025-12-19 07:59,SHORT,4325.015,4326.345,-1.53,10
2025-12-19 08:29,2025-12-19 08:36,LONG,4332.125,4331.665,-0.66,7
2025-12-19 08:40,2025-12-19 08:41,LONG,4332.755,4331.945,-1.01,1
2025-12-19 09:06,2025-12-19 09:11,LONG,4331.485,4327.665,-4.02,5
2025-12-19 09:21,2025-12-19 09:22,LONG,4329.695,4328.455,-1.44,1
2025-12-19 09:56,2025-12-19 10:26,LONG,4331.235,4340.295,8.86,30
2025-12-19 10:47,2025-12-19 11:12,LONG,4342.945,4344.905,1.76,25
2025-12-19 11:29,2025-12-19 11:40,LONG,4346.208,4346.165,-0.243,11
2025-12-19 11:48,2025-12-19 11:49,LONG,4346.985,4345.585,-1.6,1
2025-12-19 11:51,2025-12-19 11:56,LONG,4346.655,4345.035,-1.82,5
2025-12-19 11:58,2025-12-19 12:14,LONG,4348.055,4348.995,0.74,16
2025-12-19 12:21,2025-12-19 12:23,LONG,4350.595,4348.205,-2.59,2
2025-12-19 12:26,2025-12-19 12:36,LONG,4351.918,4350.505,-1.613,10
2025-12-19 12:38,2025-12-19 12:39,LONG,4351.995,4350.355,-1.84,1
2025-12-19 12:40,2025-12-19 13:02,LONG,4351.295,4351.975,0.48,22
2025-12-19 13:08,2025-12-19 13:19,LONG,4353.815,4352.985,-1.03,11
2025-12-19 13:20,2025-12-19 13:24,LONG,4353.278,4352.875,-0.603,4
2025-12-19 13:25,2025-12-19 13:31,LONG,4354.615,4351.945,-2.87,6
2025-12-19 14:11,2025-12-19 14:20,SHORT,4348.205,4347.875,0.13,9
2025-12-19 14:22,2025-12-19 14:33,SHORT,4346.625,4348.015,-1.59,11
2025-12-19 14:41,2025-12-19 14:53,SHORT,4347.245,4348.055,-1.01,12
2025-12-19 14:57,2025-12-19 15:22,SHORT,4346.265,4343.975,2.09,25
2025-12-19 16:05,2025-12-19 16:11,SHORT,4337.475,4338.685,-1.41,6
2025-12-19 16:13,2025-12-19 16:16,SHORT,4338.035,4338.625,-0.79,3
2025-12-19 16:20,2025-12-19 16:37,SHORT,4337.965,4338.095,-0.33,17
2025-12-19 16:51,2025-12-19 16:55,SHORT,4337.648,4338.179,-0.731,4
2025-12-21 18:02,2025-12-21 18:04,SHORT,4337.648,4339.505,-2.057,2
2025-12-21 18:45,2025-12-21 19:10,LONG,4348.155,4357.415,9.06,25
2025-12-21 19:13,2025-12-21 19:41,LONG,4360.485,4362.805,2.12,28
2025-12-21 19:43,2025-12-21 19:45,LONG,4364.455,4361.615,-3.04,2
2025-12-21 20:00,2025-12-21 20:10,LONG,4364.835,4365.225,0.19,10
2025-12-21 20:12,2025-12-21 20:13,LONG,4370.375,4365.885,-4.69,1
2025-12-21 20:23,2025-12-21 21:05,LONG,4366.565,4382.415,15.65,42
2025-12-21 21:22,2025-12-21 21:25,LONG,4380.735,4380.125,-0.81,3
2025-12-21 21:26,2025-12-21 21:30,LONG,4381.178,4378.708,-2.67,4
2025-12-21 21:31,2025-12-21 21:37,LONG,4382.428,4380.205,-2.423,6
2025-12-21 21:44,2025-12-21 22:13,LONG,4382.045,4387.125,4.88,29
2025-12-21 22:19,2025-12-21 22:26,LONG,4387.195,4386.465,-0.93,7
2025-12-21 22:30,2025-12-21 22:42,LONG,4388.735,4388.885,-0.05,12
2025-12-21 22:43,2025-12-21 23:00,LONG,4390.485,4392.248,1.563,17
2025-12-21 23:05,2025-12-21 23:20,LONG,4394.745,4394.845,-0.1,15
2025-12-21 23:21,2025-12-21 23:23,LONG,4395.745,4393.108,-2.837,2
2025-12-21 23:27,2025-12-21 23:29,LONG,4395.235,4394.565,-0.87,2
2025-12-21 23:35,2025-12-21 23:36,LONG,4395.085,4394.265,-1.02,1
2025-12-21 23:37,2025-12-21 23:44,LONG,4394.885,4394.475,-0.61,7
2025-12-21 23:46,2025-12-22 00:02,LONG,4395.855,4397.048,0.993,16
2025-12-22 00:03,2025-12-22 00:04,LONG,4398.405,4397.545,-1.06,1
2025-12-22 00:10,2025-12-22 00:38,LONG,4398.095,4401.125,2.83,28
2025-12-22 00:49,2025-12-22 00:55,LONG,4404.385,4401.825,-2.76,6
2025-12-22 01:11,2025-12-22 01:22,LONG,4401.775,4401.479,-0.496,11
2025-12-22 01:33,2025-12-22 02:06,LONG,4402.325,4413.369,10.844,33
2025-12-22 02:22,2025-12-22 02:37,LONG,4414.518,4413.565,-1.153,15
2025-12-22 02:43,2025-12-22 02:48,LONG,4415.965,4413.645,-2.52,5
2025-12-22 03:10,2025-12-22 03:13,LONG,4413.358,4411.825,-1.733,3
2025-12-22 03:24,2025-12-22 03:27,LONG,4412.279,4410.525,-1.954,3
2025-12-22 03:27,2025-12-22 03:30,SHORT,4410.525,4413.135,-2.81,3
2025-12-22 03:35,2025-12-22 03:46,SHORT,4409.649,4410.698,-1.249,11
2025-12-22 03:49,2025-12-22 03:50,SHORT,4409.458,4409.958,-0.7,1
2025-12-22 03:51,2025-12-22 03:52,SHORT,4409.438,4409.578,-0.34,1
2025-12-22 03:53,2025-12-22 04:03,SHORT,4408.578,4408.918,-0.54,10
2025-12-22 04:37,2025-12-22 04:39,LONG,4412.448,4411.905,-0.743,2
2025-12-22 04:42,2025-12-22 04:45,LONG,4412.505,4412.025,-0.68,3
2025-12-22 04:46,2025-12-22 04:59,LONG,4413.075,4411.465,-1.81,13
2025-12-22 05:05,2025-12-22 05:18,LONG,4413.788,4413.435,-0.553,13
2025-12-22 05:19,2025-12-22 05:22,LONG,4413.915,4413.455,-0.66,3
2025-12-22 05:59,2025-12-22 06:10,SHORT,4409.118,4409.115,-0.197,11
2025-12-22 06:12,2025-12-22 06:16,SHORT,4408.298,4408.698,-0.6,4
2025-12-22 06:17,2025-12-22 06:18,SHORT,4408.298,4408.698,-0.6,1
2025-12-22 06:24,2025-12-22 06:27,SHORT,4408.148,4409.138,-1.19,3
2025-12-22 06:44,2025-12-22 06:58,SHORT,4409.408,4409.455,-0.247,14
2025-12-22 07:24,2025-12-22 07:33,SHORT,4408.965,4409.675,-0.91,9
2025-12-22 07:37,2025-12-22 07:45,SHORT,4407.865,4409.235,-1.57,8
2025-12-22 08:32,2025-12-22 08:51,LONG,4421.665,4421.005,-0.86,19
2025-12-22 09:00,2025-12-22 09:06,LONG,4423.505,4421.855,-1.85,6
2025-12-22 09:08,2025-12-22 09:28,LONG,4424.105,4425.525,1.22,20
2025-12-22 09:44,2025-12-22 09:57,LONG,4423.269,4422.958,-0.511,13
2025-12-22 11:07,2025-12-22 11:26,LONG,4435.685,4436.365,0.48,19
2025-12-22 11:31,2025-12-22 11:34,LONG,4440.905,4434.285,-6.82,3
2025-12-22 11:38,2025-12-22 11:40,LONG,4439.148,4436.625,-2.723,2
2025-12-22 11:41,2025-12-22 11:44,LONG,4438.395,4436.885,-1.71,3
2025-12-22 11:54,2025-12-22 11:55,LONG,4437.375,4435.748,-1.827,1
2025-12-22 11:56,2025-12-22 12:07,LONG,4438.148,4435.805,-2.543,11
2025-12-22 12:09,2025-12-22 12:20,LONG,4438.455,4437.445,-1.21,11
2025-12-22 12:39,2025-12-22 13:05,LONG,4436.095,4437.098,0.803,26
2025-12-22 13:25,2025-12-22 13:26,LONG,4437.348,4434.875,-2.673,1
2025-12-22 13:35,2025-12-22 13:54,SHORT,4435.515,4433.505,1.81,19
2025-12-22 14:38,2025-12-22 14:44,SHORT,4431.425,4432.595,-1.37,6
2025-12-22 14:56,2025-12-22 14:57,SHORT,4432.085,4432.605,-0.72,1
2025-12-22 16:24,2025-12-22 16:39,LONG,4442.735,4445.465,2.53,15
2025-12-22 18:01,2025-12-22 18:32,LONG,4447.298,4454.728,7.23,31
2025-12-22 18:44,2025-12-22 19:02,LONG,4457.975,4458.505,0.33,18
2025-12-22 19:04,2025-12-22 19:25,LONG,4460.998,4464.775,3.577,21
2025-12-22 19:30,2025-12-22 19:39,LONG,4467.865,4466.585,-1.48,9
2025-12-22 19:41,2025-12-22 19:54,LONG,4468.085,4467.985,-0.3,13
2025-12-22 19:55,2025-12-22 20:19,LONG,4468.785,4479.585,10.6,24
2025-12-22 20:28,2025-12-22 21:01,LONG,4481.125,4485.155,3.83,33
2025-12-22 21:09,2025-12-22 21:14,LONG,4487.625,4484.215,-3.61,5
2025-12-22 21:16,2025-12-22 21:48,LONG,4485.625,4491.395,5.57,32
2025-12-22 22:00,2025-12-22 22:06,LONG,4493.155,4488.845,-4.51,6
2025-12-22 22:45,2025-12-22 23:00,SHORT,4486.075,4486.335,-0.46,15
2025-12-22 23:18,2025-12-22 23:20,SHORT,4485.945,4486.775,-1.03,2
2025-12-22 23:21,2025-12-22 23:30,SHORT,4485.805,4486.195,-0.59,9
2025-12-22 23:31,2025-12-22 23:38,SHORT,4485.315,4486.515,-1.4,7
2025-12-22 23:40,2025-12-22 23:43,SHORT,4485.425,4486.155,-0.93,3
2025-12-22 23:44,2025-12-23 00:06,SHORT,4484.745,4483.265,1.28,22
2025-12-23 00:13,2025-12-23 00:28,SHORT,4482.165,4480.115,1.85,15
2025-12-23 00:43,2025-12-23 01:06,SHORT,4479.935,4477.795,1.94,23
2025-12-23 01:07,2025-12-23 01:20,SHORT,4476.195,4473.965,2.03,13
2025-12-23 01:23,2025-12-23 01:28,SHORT,4471.695,4474.845,-3.35,5
2025-12-23 02:48,2025-12-23 03:02,LONG,4486.605,4485.895,-0.91,14
2025-12-23 03:07,2025-12-23 03:17,LONG,4487.145,4487.085,-0.26,10
2025-12-23 03:18,2025-12-23 03:19,LONG,4487.975,4487.115,-1.06,1
2025-12-23 03:23,2025-12-23 03:30,LONG,4487.895,4486.925,-1.17,7
2025-12-23 03:35,2025-12-23 03:52,LONG,4488.945,4490.035,0.89,17
2025-12-23 04:34,2025-12-23 04:43,SHORT,4480.935,4482.498,-1.763,9
2025-12-23 04:46,2025-12-23 04:48,SHORT,4480.965,4482.625,-1.86,2
2025-12-23 04:49,2025-12-23 05:03,SHORT,4480.145,4481.625,-1.68,14
2025-12-23 06:07,2025-12-23 06:09,LONG,4485.645,4484.025,-1.82,2
2025-12-23 06:15,2025-12-23 06:22,LONG,4484.255,4483.495,-0.96,7
2025-12-23 06:33,2025-12-23 06:35,LONG,4483.905,4483.525,-0.58,2
2025-12-23 07:30,2025-12-23 07:47,LONG,4484.965,4485.955,0.79,17
2025-12-23 07:58,2025-12-23 08:01,SHORT,4486.595,4487.565,-1.17,3
2025-12-23 08:35,2025-12-23 08:37,LONG,4491.595,4486.145,-5.65,2
2025-12-23 08:41,2025-12-23 08:42,LONG,4490.125,4487.935,-2.39,1
2025-12-23 08:44,2025-12-23 08:51,LONG,4489.215,4486.045,-3.37,7
2025-12-23 09:24,2025-12-23 09:51,SHORT,4466.685,4458.755,7.73,27
2025-12-23 09:55,2025-12-23 10:11,SHORT,4452.685,4443.945,8.54,16
2025-12-23 10:12,2025-12-23 10:13,SHORT,4440.445,4446.325,-6.08,1
2025-12-23 11:37,2025-12-23 12:14,LONG,4461.605,4474.485,12.68,37
2025-12-23 12:22,2025-12-23 12:25,LONG,4477.545,4473.285,-4.46,3
2025-12-23 12:29,2025-12-23 12:35,LONG,4477.795,4475.165,-2.83,6
2025-12-23 12:38,2025-12-23 12:48,LONG,4477.075,4472.865,-4.41,10
2025-12-23 13:01,2025-12-23 13:18,LONG,4474.405,4474.815,0.21,17
2025-12-23 13:23,2025-12-23 13:32,LONG,4476.825,4476.525,-0.5,9
2025-12-23 14:36,2025-12-23 14:49,LONG,4491.458,4490.999,-0.659,13
2025-12-23 14:57,2025-12-23 14:59,LONG,4491.488,4490.338,-1.35,2
2025-12-23 15:02,2025-12-23 15:26,LONG,4492.428,4492.455,-0.173,24
2025-12-23 15:44,2025-12-23 16:04,LONG,4492.435,4493.398,0.763,20
2025-12-23 18:32,2025-12-23 18:58,LONG,4493.815,4503.185,9.17,26
2025-12-23 19:03,2025-12-23 19:15,LONG,4507.895,4507.675,-0.42,12
2025-12-23 19:18,2025-12-23 19:52,LONG,4510.265,4514.125,3.66,34
2025-12-23 19:58,2025-12-23 19:59,LONG,4516.565,4514.125,-2.64,1
2025-12-23 20:07,2025-12-23 20:13,LONG,4516.045,4512.098,-4.147,6
2025-12-23 20:19,2025-12-23 20:34,LONG,4514.935,4519.755,4.62,15
2025-12-23 20:36,2025-12-23 20:39,LONG,4522.055,4520.375,-1.88,3
2025-12-23 20:40,2025-12-23 20:45,LONG,4521.355,4519.949,-1.606,5
2025-12-23 20:49,2025-12-23 20:55,LONG,4522.565,4521.255,-1.51,6
2025-12-23 20:56,2025-12-23 20:59,LONG,4522.315,4520.735,-1.78,3
2025-12-23 21:23,2025-12-23 21:37,SHORT,4509.249,4508.248,0.801,14
2025-12-23 21:55,2025-12-23 22:16,SHORT,4508.365,4487.765,20.4,21
2025-12-23 23:03,2025-12-23 23:05,SHORT,4492.635,4493.505,-1.07,2
2025-12-23 23:16,2025-12-23 23:22,SHORT,4492.355,4495.215,-3.06,6
2025-12-23 23:58,2025-12-23 23:59,LONG,4498.935,4497.875,-1.26,1
2025-12-24 00:00,2025-12-24 00:03,LONG,4498.945,4495.448,-3.697,3
2025-12-24 00:36,2025-12-24 00:39,SHORT,4491.935,4494.175,-2.44,3
2025-12-24 01:17,2025-12-24 01:23,SHORT,4487.485,4489.985,-2.7,6
2025-12-24 01:24,2025-12-24 01:32,SHORT,4488.195,4490.375,-2.38,8
2025-12-24 02:15,2025-12-24 02:21,LONG,4493.175,4492.425,-0.95,6
2025-12-24 02:23,2025-12-24 02:27,LONG,4493.885,4492.535,-1.55,4
2025-12-24 03:16,2025-12-24 03:18,SHORT,4483.405,4485.305,-2.1,2
2025-12-24 03:31,2025-12-24 03:38,SHORT,4482.648,4486.025,-3.577,7
2025-12-24 03:49,2025-12-24 04:07,SHORT,4486.658,4485.325,1.133,18
2025-12-24 04:41,2025-12-24 05:12,LONG,4489.125,4493.515,4.19,31
2025-12-24 06:02,2025-12-24 06:13,SHORT,4487.585,4489.345,-1.96,11
2025-12-24 06:17,2025-12-24 06:24,SHORT,4486.355,4488.195,-2.04,7
2025-12-24 06:30,2025-12-24 06:44,SHORT,4486.945,4487.065,-0.32,14
2025-12-24 07:21,2025-12-24 07:22,LONG,4494.635,4493.805,-1.03,1
2025-12-24 07:29,2025-12-24 07:30,LONG,4494.355,4492.725,-1.83,1
2025-12-24 07:52,2025-12-24 07:56,LONG,4491.345,4490.115,-1.43,4
2025-12-24 07:58,2025-12-24 08:00,LONG,4491.375,4490.485,-1.09,2
2025-12-24 08:05,2025-12-24 08:07,LONG,4492.385,4486.335,-6.25,2
2025-12-24 09:29,2025-12-24 09:35,SHORT,4484.205,4488.035,-4.03,6
2025-12-24 09:47,2025-12-24 10:04,SHORT,4475.645,4469.145,6.3,17
2025-12-24 10:19,2025-12-24 10:30,SHORT,4466.695,4469.405,-2.91,11
2025-12-24 10:35,2025-12-24 10:53,SHORT,4466.065,4456.655,9.21,18
2025-12-24 11:18,2025-12-24 11:26,SHORT,4465.245,4467.055,-2.01,8
2025-12-24 11:57,2025-12-24 12:23,LONG,4474.898,4479.789,4.691,26
2025-12-24 12:33,2025-12-24 12:39,LONG,4481.499,4478.698,-3.001,6
2025-12-24 12:46,2025-12-24 12:55,LONG,4481.248,4480.059,-1.389,9
2025-12-24 12:56,2025-12-24 13:00,LONG,4480.889,4480.279,-0.81,4
2025-12-24 13:01,2025-12-24 13:02,LONG,4480.848,4478.748,-2.3,1
2025-12-24 13:20,2025-12-24 13:33,LONG,4479.055,4478.599,-0.656,13
2025-12-25 18:05,2025-12-25 18:34,LONG,4487.665,4494.395,6.53,29
2025-12-25 18:43,2025-12-25 18:54,LONG,4494.855,4495.305,0.25,11
2025-12-25 19:05,2025-12-25 19:22,LONG,4496.845,4501.795,4.75,17
2025-12-25 19:25,2025-12-25 20:11,LONG,4504.385,4512.485,7.9,46
2025-12-25 20:36,2025-12-25 20:41,LONG,4513.665,4511.375,-2.49,5
2025-12-25 21:20,2025-12-25 21:29,SHORT,4503.155,4504.605,-1.65,9
2025-12-25 21:30,2025-12-25 21:47,SHORT,4501.765,4499.635,1.93,17
2025-12-25 22:10,2025-12-25 22:25,LONG,4507.305,4508.659,1.154,15
2025-12-25 22:58,2025-12-25 22:59,SHORT,4501.305,4503.785,-2.68,1
2025-12-25 23:00,2025-12-25 23:03,SHORT,4501.589,4504.075,-2.686,3
2025-12-25 23:27,2025-12-25 23:38,LONG,4507.745,4507.005,-0.94,11
2025-12-25 23:49,2025-12-25 23:56,LONG,4508.615,4508.135,-0.68,7
2025-12-26 00:00,2025-12-26 00:01,LONG,4508.769,4507.675,-1.294,1
2025-12-26 00:05,2025-12-26 00:13,LONG,4509.755,4508.539,-1.416,8
2025-12-26 00:24,2025-12-26 00:26,LONG,4508.935,4507.065,-2.07,2
2025-12-26 00:31,2025-12-26 00:42,LONG,4512.018,4509.785,-2.433,11
2025-12-26 00:44,2025-12-26 00:51,LONG,4511.485,4510.705,-0.98,7
2025-12-26 00:57,2025-12-26 00:59,LONG,4511.698,4509.895,-2.003,2
2025-12-26 01:05,2025-12-26 01:06,LONG,4511.185,4510.148,-1.237,1
2025-12-26 01:07,2025-12-26 01:12,LONG,4511.665,4510.025,-1.84,5
2025-12-26 01:16,2025-12-26 01:38,LONG,4512.735,4515.745,2.81,22
2025-12-26 01:40,2025-12-26 01:49,LONG,4516.705,4516.305,-0.6,9
2025-12-26 02:07,2025-12-26 02:21,LONG,4512.075,4513.225,0.95,14
2025-12-26 02:40,2025-12-26 02:57,SHORT,4509.795,4509.375,0.22,17
2025-12-26 03:12,2025-12-26 03:13,SHORT,4510.658,4513.145,-2.687,1
2025-12-26 03:31,2025-12-26 03:35,LONG,4515.158,4514.038,-1.32,4
2025-12-26 03:47,2025-12-26 03:55,LONG,4516.285,4514.955,-1.53,8
2025-12-26 03:57,2025-12-26 04:10,LONG,4516.398,4516.775,0.177,13
2025-12-26 04:22,2025-12-26 04:25,LONG,4516.905,4515.675,-1.43,3
2025-12-26 04:26,2025-12-26 04:33,LONG,4516.318,4516.058,-0.46,7
2025-12-26 04:38,2025-12-26 04:40,LONG,4517.795,4515.775,-2.22,2
2025-12-26 06:04,2025-12-26 06:16,SHORT,4511.315,4509.698,1.417,12
2025-12-26 06:24,2025-12-26 06:25,SHORT,4508.185,4509.895,-1.91,1
2025-12-26 06:26,2025-12-26 06:40,SHORT,4507.095,4508.265,-1.37,14
2025-12-26 06:44,2025-12-26 06:45,SHORT,4506.145,4507.345,-1.4,1
2025-12-26 06:47,2025-12-26 06:57,SHORT,4505.145,4507.595,-2.65,10
2025-12-26 07:11,2025-12-26 07:14,SHORT,4507.765,4509.735,-2.17,3
2025-12-26 07:21,2025-12-26 07:22,SHORT,4508.975,4509.235,-0.46,1
2025-12-26 07:48,2025-12-26 07:49,LONG,4513.565,4512.898,-0.867,1
2025-12-26 08:10,2025-12-26 08:47,LONG,4513.215,4521.945,8.53,37
2025-12-26 09:14,2025-12-26 09:22,LONG,4526.475,4523.245,-3.43,8
2025-12-26 09:27,2025-12-26 09:40,LONG,4526.958,4524.998,-2.16,13
2025-12-26 10:46,2025-12-26 11:12,LONG,4540.115,4542.125,1.81,26
2025-12-26 11:28,2025-12-26 11:35,LONG,4543.419,4541.379,-2.24,7
2025-12-26 11:57,2025-12-26 12:01,LONG,4539.285,4534.665,-4.82,4
2025-12-26 12:01,2025-12-26 12:42,SHORT,4534.665,4518.285,16.18,41
2025-12-26 12:55,2025-12-26 13:03,SHORT,4513.925,4518.355,-4.63,8
2025-12-26 13:09,2025-12-26 13:18,SHORT,4516.765,4518.495,-1.93,9
2025-12-26 13:31,2025-12-26 13:35,SHORT,4517.475,4520.865,-3.59,4
2025-12-26 14:46,2025-12-26 14:49,LONG,4525.925,4523.795,-2.33,3
2025-12-26 15:57,2025-12-26 16:05,LONG,4530.399,4528.498,-2.101,8
2025-12-26 16:18,2025-12-26 16:22,LONG,4529.178,4528.118,-1.26,4
2025-12-26 16:23,2025-12-26 16:42,LONG,4530.228,4530.855,0.427,19
2025-12-26 16:46,2025-12-26 16:51,LONG,4532.595,4529.958,-2.837,5
2025-12-26 16:59,2025-12-28 18:12,LONG,4533.835,4534.865,0.83,13
2025-12-28 18:19,2025-12-28 18:28,LONG,4539.045,4536.198,-3.047,9
2025-12-28 19:16,2025-12-28 19:36,SHORT,4520.085,4497.095,22.79,20
2025-12-28 19:45,2025-12-28 19:48,SHORT,4489.048,4498.639,-9.791,3
2025-12-28 19:56,2025-12-28 19:57,SHORT,4496.679,4501.035,-4.556,1
2025-12-28 20:00,2025-12-28 20:04,SHORT,4496.899,4503.498,-6.799,4
2025-12-28 20:24,2025-12-28 20:37,SHORT,4508.785,4503.685,4.9,13
2025-12-28 20:38,2025-12-28 20:47,SHORT,4500.638,4500.345,0.093,9
2025-12-28 20:56,2025-12-28 21:02,SHORT,4496.998,4504.385,-7.587,6
2025-12-28 21:20,2025-12-28 21:38,LONG,4506.348,4509.325,2.777,18
2025-12-28 21:42,2025-12-28 21:54,LONG,4512.485,4510.865,-1.82,12
2025-12-28 22:06,2025-12-28 22:17,LONG,4513.335,4514.295,0.76,11
2025-12-28 22:22,2025-12-28 22:29,LONG,4516.365,4512.295,-4.27,7
2025-12-28 22:34,2025-12-28 22:41,LONG,4515.648,4514.475,-1.373,7
2025-12-28 22:45,2025-12-28 22:51,LONG,4516.215,4513.635,-2.78,6
2025-12-28 22:59,2025-12-28 23:04,LONG,4516.415,4514.365,-2.25,5
2025-12-28 23:14,2025-12-28 23:23,LONG,4515.205,4512.125,-3.28,9
2025-12-28 23:58,2025-12-29 00:02,LONG,4515.775,4514.125,-1.85,4
2025-12-29 00:19,2025-12-29 00:22,SHORT,4511.198,4514.655,-3.657,3
2025-12-29 01:16,2025-12-29 02:12,SHORT,4504.755,4466.889,37.666,56
2025-12-29 02:30,2025-12-29 02:33,SHORT,4471.095,4476.248,-5.353,3
2025-12-29 02:40,2025-12-29 02:41,SHORT,4472.909,4477.818,-5.109,1
2025-12-29 02:44,2025-12-29 02:52,SHORT,4474.308,4476.388,-2.28,8
2025-12-29 02:55,2025-12-29 02:56,SHORT,4473.868,4477.049,-3.381,1
2025-12-29 02:59,2025-12-29 03:08,SHORT,4474.949,4474.885,-0.136,9
2025-12-29 04:08,2025-12-29 04:09,SHORT,4459.685,4463.805,-4.32,1
2025-12-29 04:24,2025-12-29 04:28,SHORT,4463.505,4465.778,-2.473,4
2025-12-29 04:32,2025-12-29 04:41,SHORT,4463.098,4466.035,-3.137,9
2025-12-29 05:00,2025-12-29 05:12,LONG,4471.795,4471.048,-0.947,12
2025-12-29 05:45,2025-12-29 05:49,SHORT,4459.565,4462.105,-2.74,4
2025-12-29 05:51,2025-12-29 06:13,SHORT,4460.655,4459.455,1.0,22
2025-12-29 06:15,2025-12-29 06:16,SHORT,4457.865,4459.038,-1.373,1
2025-12-29 06:54,2025-12-29 07:04,SHORT,4449.595,4449.065,0.33,10
2025-12-29 07:27,2025-12-29 07:29,SHORT,4453.325,4455.958,-2.833,2
2025-12-29 08:05,2025-12-29 08:12,LONG,4465.578,4459.048,-6.73,7
2025-12-29 09:20,2025-12-29 09:47,SHORT,4394.925,4382.428,12.297,27
2025-12-29 09:52,2025-12-29 10:35,SHORT,4370.355,4327.455,42.7,43
2025-12-29 10:50,2025-12-29 11:02,SHORT,4327.945,4332.565,-4.82,12
2025-12-29 11:16,2025-12-29 11:23,SHORT,4330.395,4334.585,-4.39,7
2025-12-29 11:43,2025-12-29 11:47,SHORT,4332.178,4337.245,-5.267,4
2025-12-29 12:36,2025-12-29 12:48,SHORT,4325.805,4324.245,1.36,12
2025-12-29 12:55,2025-12-29 12:57,SHORT,4320.885,4324.435,-3.75,2
2025-12-29 13:20,2025-12-29 13:21,SHORT,4328.855,4330.885,-2.23,1
2025-12-29 13:22,2025-12-29 13:32,SHORT,4329.248,4331.598,-2.55,10
2025-12-29 13:59,2025-12-29 14:02,LONG,4330.725,4329.298,-1.627,3
2025-12-29 14:13,2025-12-29 14:24,LONG,4330.498,4331.075,0.377,11
2025-12-29 14:33,2025-12-29 14:41,LONG,4332.865,4331.105,-1.96,8
2025-12-29 14:54,2025-12-29 15:22,LONG,4332.995,4339.105,5.91,28
2025-12-29 15:28,2025-12-29 15:32,LONG,4340.645,4339.155,-1.69,4
2025-12-29 15:48,2025-12-29 15:55,LONG,4334.005,4331.135,-3.07,7
2025-12-29 15:55,2025-12-29 16:07,SHORT,4331.135,4333.505,-2.57,12
2025-12-29 19:09,2025-12-29 19:23,LONG,4343.995,4344.025,-0.17,14
2025-12-29 19:27,2025-12-29 19:32,LONG,4349.065,4344.975,-4.29,5
2025-12-29 19:35,2025-12-29 19:36,LONG,4347.755,4346.285,-1.67,1
2025-12-29 19:58,2025-12-29 20:11,SHORT,4337.135,4337.965,-1.03,13
2025-12-29 20:28,2025-12-29 20:37,SHORT,4335.479,4338.385,-3.106,9
2025-12-29 21:40,2025-12-29 22:08,LONG,4355.279,4360.239,4.76,28
2025-12-29 22:18,2025-12-29 22:36,LONG,4362.205,4364.648,2.243,18
2025-12-29 23:03,2025-12-29 23:07,LONG,4361.755,4357.985,-3.97,4
2025-12-29 23:13,2025-12-29 23:33,LONG,4360.595,4362.445,1.65,20
2025-12-29 23:35,2025-12-29 23:49,LONG,4364.615,4365.898,1.083,14
2025-12-30 00:14,2025-12-30 00:44,LONG,4364.205,4373.375,8.97,30
2025-12-30 00:50,2025-12-30 01:02,LONG,4377.345,4375.195,-2.35,12
2025-12-30 01:53,2025-12-30 01:59,SHORT,4360.998,4363.475,-2.677,6
2025-12-30 02:02,2025-12-30 02:13,SHORT,4361.415,4363.598,-2.383,11
2025-12-30 03:10,2025-12-30 03:17,LONG,4371.235,4369.135,-2.3,7
2025-12-30 04:38,2025-12-30 04:41,LONG,4370.955,4367.395,-3.76,3
2025-12-30 04:51,2025-12-30 05:04,LONG,4370.295,4370.585,0.09,13
2025-12-30 05:10,2025-12-30 05:42,LONG,4372.195,4382.515,10.12,32
2025-12-30 06:28,2025-12-30 06:35,LONG,4388.455,4386.855,-1.8,7
2025-12-30 06:36,2025-12-30 06:38,LONG,4388.335,4385.655,-2.88,2
2025-12-30 06:58,2025-12-30 07:27,LONG,4384.405,4393.285,8.68,29
2025-12-30 07:38,2025-12-30 07:52,LONG,4395.298,4396.865,1.367,14
2025-12-30 07:57,2025-12-30 07:58,LONG,4399.215,4397.845,-1.57,1
2025-12-30 09:05,2025-12-30 09:06,SHORT,4383.005,4387.685,-4.88,1
2025-12-30 09:12,2025-12-30 09:13,SHORT,4384.985,4388.375,-3.59,1
2025-12-30 09:14,2025-12-30 09:24,SHORT,4384.995,4385.935,-1.14,10
2025-12-30 09:33,2025-12-30 09:54,SHORT,4380.715,4368.875,11.64,21
2025-12-30 09:59,2025-12-30 10:01,SHORT,4363.115,4370.045,-7.13,2
2025-12-30 10:03,2025-12-30 10:06,SHORT,4364.115,4369.028,-5.113,3
2025-12-30 10:13,2025-12-30 10:16,SHORT,4364.489,4371.498,-7.209,3
2025-12-30 10:25,2025-12-30 10:38,SHORT,4368.955,4369.545,-0.79,13
2025-12-30 10:43,2025-12-30 10:52,SHORT,4362.785,4367.025,-4.44,9
2025-12-30 11:01,2025-12-30 11:17,SHORT,4362.135,4362.785,-0.85,16
2025-12-30 12:26,2025-12-30 12:35,LONG,4374.675,4372.885,-1.99,9
2025-12-30 13:31,2025-12-30 13:51,SHORT,4368.645,4366.765,1.68,20
2025-12-30 13:53,2025-12-30 14:03,SHORT,4364.265,4365.705,-1.64,10
2025-12-30 14:20,2025-12-30 14:26,SHORT,4365.115,4366.385,-1.47,6
2025-12-30 14:28,2025-12-30 15:02,SHORT,4364.825,4347.865,16.76,34
2025-12-30 15:03,2025-12-30 15:11,SHORT,4343.035,4346.965,-4.13,8
2025-12-30 15:42,2025-12-30 16:04,SHORT,4350.848,4346.395,4.253,22
2025-12-30 16:19,2025-12-30 16:27,SHORT,4346.909,4348.309,-1.6,8
2025-12-30 16:30,2025-12-30 16:44,SHORT,4346.248,4348.375,-2.327,14
2025-12-30 16:51,2025-12-30 18:03,SHORT,4346.819,4343.698,2.921,12
2025-12-30 18:06,2025-12-30 18:07,SHORT,4339.975,4342.525,-2.75,1
2025-12-30 18:19,2025-12-30 18:38,SHORT,4339.295,4342.385,-3.29,19
2025-12-30 19:16,2025-12-30 19:23,SHORT,4340.115,4342.825,-2.91,7
2025-12-30 19:26,2025-12-30 19:38,SHORT,4336.835,4340.105,-3.47,12
2025-12-30 21:05,2025-12-30 21:09,LONG,4369.185,4367.448,-1.937,4
2025-12-30 21:31,2025-12-30 21:32,LONG,4361.495,4359.505,-2.19,1
2025-12-30 21:39,2025-12-30 21:49,LONG,4364.175,4357.615,-6.76,10
2025-12-30 22:20,2025-12-30 22:32,SHORT,4352.925,4350.405,2.32,12
2025-12-30 22:48,2025-12-30 23:07,SHORT,4349.848,4349.698,-0.05,19
2025-12-30 23:35,2025-12-30 23:53,SHORT,4344.905,4345.085,-0.38,18
2025-12-30 23:55,2025-12-31 00:15,SHORT,4339.615,4334.335,5.08,20
2025-12-31 00:34,2025-12-31 01:08,SHORT,4335.335,4292.665,42.47,34
2025-12-31 02:13,2025-12-31 02:32,LONG,4327.515,4330.698,2.983,19
2025-12-31 02:35,2025-12-31 02:41,LONG,4333.398,4331.415,-2.183,6
2025-12-31 03:00,2025-12-31 03:04,LONG,4330.738,4329.355,-1.583,4
2025-12-31 03:19,2025-12-31 03:32,LONG,4326.185,4323.235,-3.15,13
2025-12-31 03:32,2025-12-31 04:04,SHORT,4323.235,4313.465,9.57,32
2025-12-31 04:18,2025-12-31 04:22,SHORT,4312.805,4318.475,-5.87,4
2025-12-31 05:17,2025-12-31 05:18,LONG,4329.385,4327.065,-2.52,1
2025-12-31 05:57,2025-12-31 06:02,SHORT,4306.905,4307.965,-1.26,5
2025-12-31 06:04,2025-12-31 06:07,SHORT,4303.915,4308.905,-5.19,3
2025-12-31 06:26,2025-12-31 06:46,SHORT,4311.645,4313.445,-2.0,20
2025-12-31 06:55,2025-12-31 07:16,SHORT,4311.695,4309.995,1.5,21
2025-12-31 07:18,2025-12-31 07:31,SHORT,4307.015,4309.115,-2.3,13
2025-12-31 07:55,2025-12-31 07:57,LONG,4314.795,4312.435,-2.56,2
2025-12-31 08:02,2025-12-31 08:04,LONG,4314.585,4312.415,-2.37,2
2025-12-31 08:16,2025-12-31 09:03,LONG,4313.225,4338.948,25.523,47
2025-12-31 09:16,2025-12-31 09:23,LONG,4342.525,4338.338,-4.387,7
2025-12-31 09:31,2025-12-31 09:40,LONG,4342.225,4336.395,-6.03,9
2025-12-31 09:45,2025-12-31 10:01,LONG,4343.798,4343.355,-0.643,16
2025-12-31 10:40,2025-12-31 10:53,SHORT,4333.298,4335.255,-2.157,13
2025-12-31 11:05,2025-12-31 11:22,SHORT,4327.785,4327.098,0.487,17
2025-12-31 11:23,2025-12-31 11:24,SHORT,4326.815,4327.835,-1.22,1
2025-12-31 11:29,2025-12-31 11:33,SHORT,4325.348,4327.928,-2.78,4
2025-12-31 11:35,2025-12-31 11:53,SHORT,4326.025,4322.475,3.35,18
2025-12-31 12:08,2025-12-31 12:15,SHORT,4321.245,4323.305,-2.26,7
2025-12-31 12:16,2025-12-31 12:17,SHORT,4322.515,4323.655,-1.34,1
2025-12-31 12:20,2025-12-31 12:29,SHORT,4322.215,4321.555,0.46,9
2025-12-31 12:30,2025-12-31 12:32,SHORT,4320.415,4323.715,-3.5,2
2025-12-31 12:47,2025-12-31 12:51,SHORT,4324.468,4326.005,-1.737,4
2025-12-31 12:52,2025-12-31 13:02,SHORT,4323.435,4326.915,-3.68,10
2025-12-31 13:08,2025-12-31 13:11,SHORT,4323.355,4324.225,-1.07,3
2025-12-31 13:12,2025-12-31 13:15,SHORT,4323.535,4327.198,-3.863,3
2025-12-31 13:29,2025-12-31 13:32,LONG,4327.715,4321.985,-5.93,3
2025-12-31 13:44,2025-12-31 14:00,SHORT,4321.798,4319.545,2.053,16
2025-12-31 14:07,2025-12-31 14:22,SHORT,4317.765,4318.865,-1.3,15
2025-12-31 14:29,2025-12-31 14:47,SHORT,4316.835,4313.475,3.16,18
2025-12-31 14:49,2025-12-31 14:55,SHORT,4310.215,4311.245,-1.23,6
2025-12-31 15:01,2025-12-31 15:12,SHORT,4309.735,4310.395,-0.86,11
2025-12-31 15:43,2025-12-31 15:47,LONG,4321.448,4316.989,-4.659,4
2025-12-31 16:16,2025-12-31 16:32,SHORT,4310.448,4310.335,-0.087,16
