group,variant,net_2022_23,win_2022_23,n_2022_23,net_2024_25,win_2024_25,n_2024_25,net_2026,net_sep26,sep26_win,net_4y,win_4y,n_4y,trades_kept_pct,n_sep26
family,"fixed $3, fail 2",-1394.6370000000147,30.22382219439662,6389.0,-2211.793000000058,42.16645673868811,10321.0,-723.2750000000059,99.0799999999947,55.97826086956522,-3606.4300000000726,37.600239377618195,16710.0,32.06616645238049,
family,"fixed $5, fail 2",-1317.1340000000118,29.051416935347024,5893.0,-1930.1700000000474,39.922430510665805,7735.0,-610.8699999999883,128.247000000001,59.45945945945946,-3247.304000000059,35.22160258291752,13628.0,26.15186812765059,
family,"fixed $8, fail 2",-1311.6170000000106,28.775615636301016,5807.0,-1579.557000000038,38.325731940562015,6797.0,-747.3949999999844,93.06400000000082,58.333333333333336,-2891.174000000049,33.925737860996506,12604.0,24.186831954865575,
family,"fixed $12, fail 2",-1293.8830000000103,28.788401794960304,5794.0,-1615.5120000000356,37.49044780681645,6543.0,-847.3399999999924,48.86799999999984,55.55555555555556,-2909.395000000046,33.40358271865121,12337.0,23.674464124656982,
family,"fixed $3, fail 3",-1346.5680000000134,30.5464736104624,6423.0,-2340.8980000000474,42.36997523337779,10498.0,-845.5899999999939,83.60099999999386,55.208333333333336,-3687.4660000000613,37.881921872229775,16921.0,32.47107136688991,
family,"fixed $5, fail 3",-1230.58500000001,29.441971927422117,5842.0,-1951.5390000000375,40.26977475117863,7636.0,-724.5049999999753,123.9429999999982,63.06306306306306,-3182.1240000000475,35.576495028936044,13478.0,25.864021032027786,
family,"fixed $8, fail 3",-1229.3090000000084,29.008033531260914,5726.0,-1503.327000000028,38.64432597105865,6565.0,-607.1199999999754,112.73899999999792,62.31884057971014,-2732.636000000036,34.155072817508746,12291.0,23.586191015332655,
family,"fixed $12, fail 3",-1211.6290000000079,29.01926444833625,5710.0,-1374.0660000000248,37.719578409453845,6262.0,-619.599999999987,70.82299999999704,60.3448275862069,-2585.6950000000325,33.5699966588707,11972.0,22.97403619197482,
family,"fixed $3, fail 4",-1516.1090000000145,30.392883617494444,6745.0,-2502.6940000000504,42.54943830656392,10771.0,-966.0599999999881,107.88799999999353,57.89473684210527,-4018.8030000000654,37.86823475679379,17516.0,33.6128648461937,
family,"fixed $5, fail 4",-1371.1230000000085,29.207347344034417,6043.0,-2099.6440000000357,40.7412156963324,7798.0,-515.3799999999828,100.67000000000043,63.888888888888886,-3470.7670000000444,35.70551260747056,13841.0,26.560611003434975,
family,"fixed $8, fail 4",-1350.103000000007,28.728813559322035,5900.0,-1640.247000000026,38.940998487140696,6610.0,-602.7749999999838,84.57999999999957,62.5,-2990.350000000033,34.124700239808156,12510.0,24.00644777494195,
family,"fixed $12, fail 4",-1333.1760000000068,28.73426335488261,5878.0,-1594.0470000000241,37.95678423895774,6294.0,-689.2949999999958,44.21899999999969,61.40350877192983,-2927.223000000031,33.50312191915872,12172.0,23.357832319471896,
family,"fixed $3, fail 5",-1566.0650000000066,30.05472148168935,7127.0,-2666.1290000000436,42.35124932590329,11126.0,-938.4199999999946,100.73899999999465,56.34517766497462,-4232.19400000005,37.54999178217279,18253.0,35.02715357602042,
family,"fixed $5, fail 5",-1404.4140000000018,28.85916601101495,6355.0,-2264.6660000000293,40.61766522544781,8095.0,-610.1799999999998,112.69000000000213,63.793103448275865,-3669.0800000000318,35.44636678200692,14450.0,27.729270211663565,
family,"fixed $8, fail 5",-1377.8770000000004,28.430580248909003,6187.0,-1726.560000000031,39.08264947245018,6824.0,-571.964999999998,27.945000000000263,62.5,-3104.4370000000317,34.01736991776189,13011.0,24.96785707432212,
family,"fixed $12, fail 5",-1364.6680000000001,28.392857142857142,6160.0,-1749.2400000000266,37.98701298701299,6468.0,-667.1550000000152,24.70000000000019,58.490566037735846,-3113.9080000000267,33.30693696547355,12628.0,24.232887490165226,
family,"ATR band 0.3x, fail 3",-5498.399999999994,27.622027032446955,24933.0,-5607.038000000099,36.992037085498524,26749.0,-1034.049999999979,73.38699999999285,53.359683794466406,-11105.438000000093,32.471653573778106,51682.0,99.17675730651878,
family,"ATR band 0.5x, fail 3",-5451.684999999995,27.607163114820516,24682.0,-5624.704000000105,36.99345416020281,26429.0,-1083.169999999981,67.34499999999193,52.98804780876494,-11076.3890000001,32.460722740701605,51111.0,98.08101936251464,
family,"ATR band 0.75x, fail 3",-5359.098999999995,27.641773821299044,24264.0,-5510.658000000105,37.05106892952411,25867.0,-1113.7899999999831,73.00299999999172,53.41365461847389,-10869.757000000098,32.49685823143365,50131.0,96.20041833777897,
family,"ATR band 1.0x, fail 3",-5229.598999999993,27.692242439665776,23577.0,-5379.691000000098,37.0504029832792,24939.0,-981.0399999999812,71.63599999999077,53.49794238683128,-10609.290000000092,32.502679528403,48516.0,93.1012646082401,
family,"ATR band 1.5x, fail 3",-4586.596999999991,27.951505821225826,20786.0,-4717.301000000078,37.096550127344294,21595.0,-911.0649999999794,76.29599999999137,53.110047846889955,-9303.898000000068,32.61131167268351,42381.0,81.32831839726737,
family,"stacked 2 levels, $5",-457.33400000000677,31.810418445772843,2342.0,-1222.1190000000202,44.802098235574626,4194.0,-619.909999999985,108.86499999999795,67.36842105263158,-1679.4530000000266,40.1468788249694,6536.0,12.542457446604363,
family,"stacked 2 levels, ATR 1.0x",-5223.838999999993,27.70945917195013,23501.0,-5360.9290000000965,37.07756678467975,24856.0,-971.7599999999823,71.63599999999077,53.49794238683128,-10584.76800000009,32.52476373637736,48357.0,92.79614668687994,
deferred,$5 box / block,-1230.58500000001,29.441971927422117,5842.0,-1951.5390000000375,40.26977475117863,7636.0,-724.5049999999753,123.9429999999982,63.06306306306306,-3182.1240000000475,35.576495028936044,13478.0,25.864021032027786,111.0
deferred,$5 box / defer box_end,-3614.938000000002,34.03207399843834,16649.0,-4177.812000000091,44.18458968469409,19156.0,-861.6949999999777,170.9980000000038,65.21739130434783,-7792.750000000092,39.46376204440721,35805.0,68.70910172516359,207.0
deferred,$5 box / defer box_break,-2357.300000000011,30.272387719777715,10977.0,-3031.7360000000745,41.29945093622413,14206.0,-908.1549999999885,138.77099999999936,60.47904191616767,-5389.036000000086,36.492872175674066,25183.0,48.325689393794015,167.0
deferred,$5 box / defer delay 3,-4816.078000000004,30.0,22540.0,-5228.0720000000365,39.608020009020464,24389.0,-782.2599999999982,90.84799999999088,58.333333333333336,-10044.150000000041,34.993287732532124,46929.0,90.05584233655082,240.0
deferred,ATR 1.0x box / block,-5229.598999999993,27.692242439665776,23577.0,-5379.691000000098,37.0504029832792,24939.0,-981.0399999999812,71.63599999999077,53.49794238683128,-10609.290000000092,32.502679528403,48516.0,93.1012646082401,243.0
deferred,ATR 1.0x box / defer box_end,-5478.569999999992,28.038937335226123,24655.0,-5285.807000000117,37.65820386510042,26390.0,-1150.8099999999758,84.45699999999128,54.800000000000004,-10764.37700000011,33.01204819277108,51045.0,97.9543666404406,250.0
deferred,ATR 1.0x box / defer box_break,-5415.545999999995,27.73012681085074,24367.0,-5275.753000000104,37.234165288620545,26003.0,-1045.8199999999752,74.16299999999069,54.21686746987952,-10691.2990000001,32.63648997419099,50370.0,96.65905471013798,249.0
deferred,ATR 1.0x box / defer delay 3,-5504.85299999999,27.926434923201292,24740.0,-5412.175000000116,37.53535201176515,26519.0,-1065.7899999999784,85.28799999999033,54.980079681274894,-10917.028000000104,32.897637488050876,51259.0,98.36502849686246,251.0
head_to_head,no filter,-11149.088000000094,32.474909328164884,52111.0,-5608.778000000099,36.99477642351721,26993.0,,72.59999999999224,53.333333333333336,,,,,255.0
head_to_head,BLOCK inside box,-3182.1240000000475,35.576495028936044,13478.0,-1951.5390000000375,40.26977475117863,7636.0,,123.9429999999982,63.06306306306306,,,,,111.0
head_to_head,DEFER (box_end),-7792.750000000092,39.46376204440721,35805.0,-4177.812000000091,44.18458968469409,19156.0,,170.9980000000038,65.21739130434783,,,,,207.0
head_to_head,DEFER (box_break),-5389.036000000086,36.492872175674066,25183.0,-3031.7360000000745,41.29945093622413,14206.0,,138.77099999999936,60.47904191616767,,,,,167.0
baseline,(no filter),,,,,,,,72.59999999999224,53.333333333333336,-11149.088000000094,32.474909328164884,52111.0,100.0,255.0
